Jname,RA_deg,RA_err,dec_deg,dec_err,F0,F0_err,F1,F1_err,F2,F2_err,binary_model,dist,MJD,dF_F,dF1_F1,E_naive,E_mountain,E_superfluid
J0007+7303,1.7571,9.0,73.0521,3.0,3.165827392,3.0,-3.61e-12,5.0,4.1e-23,7.0,*,1.4,54953.0,554.0,1.0,2.1920172443580728e+41,,6.071887766871861e+37
J0007+7303,1.7571,9.0,73.0521,3.0,3.165827392,3.0,-3.61e-12,5.0,4.1e-23,7.0,*,1.4,55466.0,1260.0,*,4.9854543824750386e+41,,*
J0146+6145,26.5934,5.0,61.75078,20.0,0.115088121,5.0,-2.64e-14,6.0,*,0.0,*,3.6,51141.0,650.0,14.0,3.398866388037104e+38,,7.890225543657563e+33
J0146+6145,26.5934,5.0,61.75078,20.0,0.115088121,5.0,-2.64e-14,6.0,*,0.0,*,3.6,53809.0,1627.0,11.6,8.507624020517489e+38,,5.966338052319809e+34
J0147+5922,26.9360142,5.0,59.3675789,3.0,5.093688845,4.0,-6.66e-15,2.0,3.39e-26,12.0,*,2.128,53682.0,0.056,-0.21,5.736045500261242e+37,,-7.648060667014989e+30
J0157+6212,29.4580975,5.0,62.2074022,3.0,0.425216181,11.0,-3.42e-14,9.0,*,0.0,*,1.786,48512.0,4.0,-11.0,2.8552181344028044e+37,,-5.191305698914191e+30
J0157+6212,29.4580975,5.0,62.2074022,3.0,0.425216181,11.0,-3.42e-14,9.0,*,0.0,*,1.786,58283.0,2.6,*,1.855891787361823e+37,,*
J0205+6449,31.4080103,7.0,64.8281484,3.0,15.2170109,2.0,-4.49e-11,9.0,5.85e-21,5.0,*,3.2,52555.0,340.0,5.0,3.108116988698372e+42,,1.0567597761574462e+38
J0205+6449,31.4080103,7.0,64.8281484,3.0,15.2170109,2.0,-4.49e-11,9.0,5.85e-21,5.0,*,3.2,52920.0,3800.0,12.0,3.4737778108981796e+43,,5.500148200588784e+39
J0205+6449,31.4080103,7.0,64.8281484,3.0,15.2170109,2.0,-4.49e-11,9.0,5.85e-21,5.0,*,3.2,54907.0,1761.0,12.0,1.6098217697346566e+43,,1.1812067235428042e+39
J0205+6449,31.4080103,7.0,64.8281484,3.0,15.2170109,2.0,-4.49e-11,9.0,5.85e-21,5.0,*,3.2,55719.0,126.0,3.0,1.1518315899293965e+42,,2.4188463388517327e+37
J0205+6449,31.4080103,7.0,64.8281484,3.0,15.2170109,2.0,-4.49e-11,9.0,5.85e-21,5.0,*,3.2,55836.0,2933.0,13.0,2.681207978780095e+43,,3.024608846831545e+39
J0205+6449,31.4080103,7.0,64.8281484,3.0,15.2170109,2.0,-4.49e-11,9.0,5.85e-21,5.0,*,3.2,56854.0,84.0,3.0,7.678877266195977e+41,,1.075042817267437e+37
J0205+6449,31.4080103,7.0,64.8281484,3.0,15.2170109,2.0,-4.49e-11,9.0,5.85e-21,5.0,*,3.2,57345.0,527.0,5.0,4.817581332482475e+42,,2.5388653622182644e+38
J0205+6449,31.4080103,7.0,64.8281484,3.0,15.2170109,2.0,-4.49e-11,9.0,5.85e-21,5.0,*,3.2,57696.75,43.0,*,3.9308538386479406e+41,,*
J0205+6449,31.4080103,7.0,64.8281484,3.0,15.2170109,2.0,-4.49e-11,9.0,5.85e-21,5.0,*,3.2,58320.0,3140.0,20.0,2.8704374542684957e+43,,2.2532934016007693e+39
J0215+6218,33.98595,4.0,62.30927,3.0,1.821892453,9.0,-2.2e-15,9.0,3.2e-26,6.0,*,2.004,55965.0,0.06,*,7.862424004872444e+36,,*
J0358+5413,59.7238492,9.0,54.2204956,9.0,6.394511093,3.0,-1.8e-13,2.0,4.1e-25,9.0,*,1.0,46082.0,6.0,6.0,9.685580996646939e+39,,4.84279049832347e+33
J0358+5413,59.7238492,9.0,54.2204956,9.0,6.394511093,3.0,-1.8e-13,2.0,4.1e-25,9.0,*,1.0,46470.0,4366.0,430.0,7.047874438560088e+42,,3.5780255579945743e+37
J0406+6138,61.6253358,9.0,61.6448356,3.0,1.681870312,2.0,-1.58e-14,8.0,*,0.0,*,4.545,53041.0,0.62,0.5,6.9236711997000155e+37,,4.2926761438140085e+31
J0417+35,64.43,7.0,35.75,9.0,1.52812,8.0,*,0.0,*,0.0,*,1.48,57053.63,24.54,3.4,2.2622948908477165e+39,,8.164223032559262e+33
J0502+4654,75.519004,17.0,46.90169,3.0,1.56601011,5.0,-1.37e-14,4.0,1.13e-26,5.0,*,1.319,52616.0,0.33,0.7,3.194940683607108e+37,,7.530931611359611e+30
J0525+1115,81.485201,5.0,11.2553,20.0,2.82137114,10.0,-5.86e-16,4.0,-3.3e-28,7.0,*,1.841,56010.4,0.312,0.6,9.804710387000237e+37,,2.549224700620062e+31
J0528+2200,82.21777,4.0,22.0011,6.0,0.266984253,2.0,-2.86e-15,1.0,*,0.0,*,1.215,42051.5,1.9,13.0,5.346685409559213e+36,,3.907193183908654e+29
J0528+2200,82.21777,4.0,22.0011,6.0,0.266984253,2.0,-2.86e-15,1.0,*,0.0,*,1.215,52296.0,2.3,7.0,6.472303390519046e+36,,1.0633069855852719e+30
J0528+2200,82.21777,4.0,22.0011,6.0,0.266984253,2.0,-2.86e-15,1.0,*,0.0,*,1.215,53379.0,0.2,*,5.628089904799172e+35,,*
J0528+2200,82.21777,4.0,22.0011,6.0,0.266984253,2.0,-2.86e-15,1.0,*,0.0,*,1.215,53980.0,0.5,0.1,1.407022476199793e+36,,3.5175561904994825e+30
J0534+2200,83.63322,3.0,22.014461,17.0,29.946923,1.0,-3.78e-10,2.0,1.11e-20,5.0,*,2.0,40491.8,7.2,0.44,2.5491573578147376e+41,,2.085674201848422e+36
J0534+2200,83.63322,3.0,22.014461,17.0,29.946923,1.0,-3.78e-10,2.0,1.11e-20,5.0,*,2.0,41161.98,1.9,0.17,6.726943027566668e+40,,3.7591740448166676e+35
J0534+2200,83.63322,3.0,22.014461,17.0,29.946923,1.0,-3.78e-10,2.0,1.11e-20,5.0,*,2.0,41250.32,2.1,0.11,7.435042293626319e+40,,7.097085825734213e+35
J0534+2200,83.63322,3.0,22.014461,17.0,29.946923,1.0,-3.78e-10,2.0,1.11e-20,5.0,*,2.0,42447.26,35.7,1.6,1.263957189916474e+42,,1.4101022400005663e+37
J0534+2200,83.63322,3.0,22.014461,17.0,29.946923,1.0,-3.78e-10,2.0,1.11e-20,5.0,*,2.0,46663.69,6.0,0.5,2.124297798178948e+41,,1.274578678907369e+36
J0534+2200,83.63322,3.0,22.014461,17.0,29.946923,1.0,-3.78e-10,2.0,1.11e-20,5.0,*,2.0,47767.504,81.0,3.4,2.86780202754158e+42,,3.4160582975127654e+37
J0534+2200,83.63322,3.0,22.014461,17.0,29.946923,1.0,-3.78e-10,2.0,1.11e-20,5.0,*,2.0,48945.6,4.2,0.32,1.4870084587252638e+41,,9.758493010384544e+35
J0534+2200,83.63322,3.0,22.014461,17.0,29.946923,1.0,-3.78e-10,2.0,1.11e-20,5.0,*,2.0,50020.04,2.1,0.2,7.435042293626319e+40,,3.9033972041538166e+35
J0534+2200,83.63322,3.0,22.014461,17.0,29.946923,1.0,-3.78e-10,2.0,1.11e-20,5.0,*,2.0,50260.031,31.9,1.73,1.1294183293651405e+42,,1.0412845290967627e+37
J0534+2200,83.63322,3.0,22.014461,17.0,29.946923,1.0,-3.78e-10,2.0,1.11e-20,5.0,*,2.0,50458.94,6.1,1.1,2.1597027614819304e+41,,5.9882667477453535e+35
J0534+2200,83.63322,3.0,22.014461,17.0,29.946923,1.0,-3.78e-10,2.0,1.11e-20,5.0,*,2.0,50489.7,0.8,-0.2,2.8323970642385976e+40,,-5.664794128477196e+34
J0534+2200,83.63322,3.0,22.014461,17.0,29.946923,1.0,-3.78e-10,2.0,1.11e-20,5.0,*,2.0,50812.59,6.2,0.62,2.195107724784913e+41,,1.0975538623924571e+36
J0534+2200,83.63322,3.0,22.014461,17.0,29.946923,1.0,-3.78e-10,2.0,1.11e-20,5.0,*,2.0,51452.02,6.8,0.7,2.4075375046028078e+41,,1.1693753593785068e+36
J0534+2200,83.63322,3.0,22.014461,17.0,29.946923,1.0,-3.78e-10,2.0,1.11e-20,5.0,*,2.0,51740.656,25.1,2.9,8.8866457890486e+41,,3.845772574226204e+36
J0534+2200,83.63322,3.0,22.014461,17.0,29.946923,1.0,-3.78e-10,2.0,1.11e-20,5.0,*,2.0,51804.75,3.5,0.53,1.2391737156043862e+41,,4.091611325108822e+35
J0534+2200,83.63322,3.0,22.014461,17.0,29.946923,1.0,-3.78e-10,2.0,1.11e-20,5.0,*,2.0,52084.072,22.6,2.07,8.001521706474038e+41,,4.3679804484616737e+36
J0534+2200,83.63322,3.0,22.014461,17.0,29.946923,1.0,-3.78e-10,2.0,1.11e-20,5.0,*,2.0,52146.758,8.9,0.57,3.1510417339654395e+41,,2.460023809850212e+36
J0534+2200,83.63322,3.0,22.014461,17.0,29.946923,1.0,-3.78e-10,2.0,1.11e-20,5.0,*,2.0,52498.257,3.4,0.7,1.2037687523014039e+41,,2.923438398446267e+35
J0534+2200,83.63322,3.0,22.014461,17.0,29.946923,1.0,-3.78e-10,2.0,1.11e-20,5.0,*,2.0,52587.2,1.7,0.5,6.0188437615070195e+40,,1.0232034394561934e+35
J0534+2200,83.63322,3.0,22.014461,17.0,29.946923,1.0,-3.78e-10,2.0,1.11e-20,5.0,*,2.0,53067.078,214.0,6.2,7.576662146838248e+42,,1.3075852414704718e+38
J0534+2200,83.63322,3.0,22.014461,17.0,29.946923,1.0,-3.78e-10,2.0,1.11e-20,5.0,*,2.0,53254.109,4.9,0.2,1.7348432018461412e+41,,2.1251829222615227e+36
J0534+2200,83.63322,3.0,22.014461,17.0,29.946923,1.0,-3.78e-10,2.0,1.11e-20,5.0,*,2.0,53331.17,2.8,0.7,9.913389724835089e+40,,1.9826779449670177e+35
J0534+2200,83.63322,3.0,22.014461,17.0,29.946923,1.0,-3.78e-10,2.0,1.11e-20,5.0,*,2.0,53970.19,21.8,3.1,7.718282000050178e+41,,2.7138475419531274e+36
J0534+2200,83.63322,3.0,22.014461,17.0,29.946923,1.0,-3.78e-10,2.0,1.11e-20,5.0,*,2.0,54580.38,4.7,0.2,1.664033275240176e+41,,1.955239098407207e+36
J0534+2200,83.63322,3.0,22.014461,17.0,29.946923,1.0,-3.78e-10,2.0,1.11e-20,5.0,*,2.0,55875.49,39.0,0.23,1.3807935688163163e+42,,1.1706728083442683e+38
J0534+2200,83.63322,3.0,22.014461,17.0,29.946923,1.0,-3.78e-10,2.0,1.11e-20,5.0,*,2.0,57839.8,2.2,*,7.789091926656143e+40,,*
J0534+2200,83.63322,3.0,22.014461,17.0,29.946923,1.0,-3.78e-10,2.0,1.11e-20,5.0,*,2.0,58064.555,516.37,6.969,1.8282060900761059e+43,,6.7730720241971494e+38
J0534+2200,83.63322,3.0,22.014461,17.0,29.946923,1.0,-3.78e-10,2.0,1.11e-20,5.0,*,2.0,58237.357,4.08,0.46,1.4445225027616846e+41,,6.406143273117036e+35
J0534+2200,83.63322,3.0,22.014461,17.0,29.946923,1.0,-3.78e-10,2.0,1.11e-20,5.0,*,2.0,58470.7,2.3,*,8.143141559685967e+40,,*
J0534+2200,83.63322,3.0,22.014461,17.0,29.946923,1.0,-3.78e-10,2.0,1.11e-20,5.0,*,2.0,58687.565,31.7,0.341,1.1223373367045441e+42,,5.216729262981531e+37
J0537-6910,84.4476,5.0,-69.17219,17.0,62.0261896,13.0,-1.99e-10,4.0,6.1e-21,3.0,*,49.7,51278.0,687.0,1.0,1.0434380712269319e+44,,3.5842097746645106e+40
J0537-6910,84.4476,5.0,-69.17219,17.0,62.0261896,13.0,-1.99e-10,4.0,6.1e-21,3.0,*,49.7,51562.0,450.0,0.7,6.834747191442785e+43,,2.196883025820895e+40
J0537-6910,84.4476,5.0,-69.17219,17.0,62.0261896,13.0,-1.99e-10,4.0,6.1e-21,3.0,*,49.7,51711.0,315.0,0.6,4.784323034009949e+43,,1.2558847964276116e+40
J0537-6910,84.4476,5.0,-69.17219,17.0,62.0261896,13.0,-1.99e-10,4.0,6.1e-21,3.0,*,49.7,51826.0,140.0,0.5,2.1263657928933109e+43,,2.9769121100506345e+39
J0537-6910,84.4476,5.0,-69.17219,17.0,62.0261896,13.0,-1.99e-10,4.0,6.1e-21,3.0,*,49.7,51881.0,140.0,0.7,2.1263657928933109e+43,,2.1263657928933105e+39
J0537-6910,84.4476,5.0,-69.17219,17.0,62.0261896,13.0,-1.99e-10,4.0,6.1e-21,3.0,*,49.7,51960.0,454.0,0.8,6.895500499811165e+43,,1.956598266821418e+40
J0537-6910,84.4476,5.0,-69.17219,17.0,62.0261896,13.0,-1.99e-10,4.0,6.1e-21,3.0,*,49.7,52152.0,2.3,*,3.493315231181867e+41,,*
J0537-6910,84.4476,5.0,-69.17219,17.0,62.0261896,13.0,-1.99e-10,4.0,6.1e-21,3.0,*,49.7,52170.0,184.0,0.8,2.7946521849454944e+43,,3.2138500126873174e+39
J0537-6910,84.4476,5.0,-69.17219,17.0,62.0261896,13.0,-1.99e-10,4.0,6.1e-21,3.0,*,49.7,52241.0,426.0,0.2,6.470227341232503e+43,,6.890792118412614e+40
J0537-6910,84.4476,5.0,-69.17219,17.0,62.0261896,13.0,-1.99e-10,4.0,6.1e-21,3.0,*,49.7,52378.0,168.0,0.4,2.551638951471973e+43,,5.358441798091143e+39
J0537-6910,84.4476,5.0,-69.17219,17.0,62.0261896,13.0,-1.99e-10,4.0,6.1e-21,3.0,*,49.7,52453.0,218.0,0.4,3.311055306076727e+43,,9.022625709059081e+39
J0537-6910,84.4476,5.0,-69.17219,17.0,62.0261896,13.0,-1.99e-10,4.0,6.1e-21,3.0,*,49.7,52545.0,420.0,0.5,6.379097378679932e+43,,2.679220899045571e+40
J0537-6910,84.4476,5.0,-69.17219,17.0,62.0261896,13.0,-1.99e-10,4.0,6.1e-21,3.0,*,49.7,52731.0,146.0,0.6,2.2174957554458812e+43,,2.697953169125822e+39
J0537-6910,84.4476,5.0,-69.17219,17.0,62.0261896,13.0,-1.99e-10,4.0,6.1e-21,3.0,*,49.7,52807.0,255.0,0.6,3.8730234084842444e+43,,8.230174743029019e+39
J0537-6910,84.4476,5.0,-69.17219,17.0,62.0261896,13.0,-1.99e-10,4.0,6.1e-21,3.0,*,49.7,52886.0,234.6,0.44,3.5631815358055045e+43,,9.499118048863311e+39
J0537-6910,84.4476,5.0,-69.17219,17.0,62.0261896,13.0,-1.99e-10,4.0,6.1e-21,3.0,*,49.7,53014.0,338.0,0.7,5.1336545571281365e+43,,1.2394108859352212e+40
J0537-6910,84.4476,5.0,-69.17219,17.0,62.0261896,13.0,-1.99e-10,4.0,6.1e-21,3.0,*,49.7,53125.5,17.0,0.4,2.582015605656163e+42,,5.486783162019345e+37
J0537-6910,84.4476,5.0,-69.17219,17.0,62.0261896,13.0,-1.99e-10,4.0,6.1e-21,3.0,*,49.7,53145.0,391.1,0.19,5.940154725718385e+43,,6.113669771653843e+40
J0537-6910,84.4476,5.0,-69.17219,17.0,62.0261896,13.0,-1.99e-10,4.0,6.1e-21,3.0,*,49.7,53288.0,395.0,0.7,5.999389201377556e+43,,1.6926848103886676e+40
J0537-6910,84.4476,5.0,-69.17219,17.0,62.0261896,13.0,-1.99e-10,4.0,6.1e-21,3.0,*,49.7,53445.0,260.0,0.9,3.9489650439447195e+43,,5.70406061903126e+39
J0537-6910,84.4476,5.0,-69.17219,17.0,62.0261896,13.0,-1.99e-10,4.0,6.1e-21,3.0,*,49.7,53550.0,321.0,0.7,4.87545299656252e+43,,1.1178717227832634e+40
J0537-6910,84.4476,5.0,-69.17219,17.0,62.0261896,13.0,-1.99e-10,4.0,6.1e-21,3.0,*,49.7,53696.0,409.0,0.7,6.212025780666887e+43,,1.8147989602091113e+40
J0537-6910,84.4476,5.0,-69.17219,17.0,62.0261896,13.0,-1.99e-10,4.0,6.1e-21,3.0,*,49.7,53861.0,235.0,0.8,3.569256866642343e+43,,5.242346022880942e+39
J0537-6910,84.4476,5.0,-69.17219,17.0,62.0261896,13.0,-1.99e-10,4.0,6.1e-21,3.0,*,49.7,53951.3,18.0,0.3,2.733898876577114e+42,,8.201696629731345e+37
J0537-6910,84.4476,5.0,-69.17219,17.0,62.0261896,13.0,-1.99e-10,4.0,6.1e-21,3.0,*,49.7,53999.0,352.0,0.4,5.346291136417468e+43,,2.3523681000236854e+40
J0537-6910,84.4476,5.0,-69.17219,17.0,62.0261896,13.0,-1.99e-10,4.0,6.1e-21,3.0,*,49.7,54094.0,371.0,0.1,5.634869351167273e+43,,1.0452682646415293e+41
J0537-6910,84.4476,5.0,-69.17219,17.0,62.0261896,13.0,-1.99e-10,4.0,6.1e-21,3.0,*,49.7,54243.0,1.0,*,1.5188327092095078e+41,,*
J0537-6910,84.4476,5.0,-69.17219,17.0,62.0261896,13.0,-1.99e-10,4.0,6.1e-21,3.0,*,49.7,54271.0,488.0,0.8,7.411903620942397e+43,,2.260630604387431e+40
J0537-6910,84.4476,5.0,-69.17219,17.0,62.0261896,13.0,-1.99e-10,4.0,6.1e-21,3.0,*,49.7,54448.0,239.0,0.8,3.630010175010723e+43,,5.422327698922267e+39
J0537-6910,84.4476,5.0,-69.17219,17.0,62.0261896,13.0,-1.99e-10,4.0,6.1e-21,3.0,*,49.7,54538.0,114.0,0.5,1.7314692884988388e+43,,1.9738749888886757e+39
J0537-6910,84.4476,5.0,-69.17219,17.0,62.0261896,13.0,-1.99e-10,4.0,6.1e-21,3.0,*,49.7,54578.0,147.0,0.0,2.232684082537976e+43,,*
J0537-6910,84.4476,5.0,-69.17219,17.0,62.0261896,13.0,-1.99e-10,4.0,6.1e-21,3.0,*,49.7,54639.0,128.7,0.4,1.9547376967526365e+43,,3.1446842696508034e+39
J0537-6910,84.4476,5.0,-69.17219,17.0,62.0261896,13.0,-1.99e-10,4.0,6.1e-21,3.0,*,49.7,54712.0,105.0,0.5,1.594774344669983e+43,,1.6745130619034818e+39
J0537-6910,84.4476,5.0,-69.17219,17.0,62.0261896,13.0,-1.99e-10,4.0,6.1e-21,3.0,*,49.7,54767.0,362.0,0.6,5.498174407338418e+43,,1.6586159462137561e+40
J0537-6910,84.4476,5.0,-69.17219,17.0,62.0261896,13.0,-1.99e-10,4.0,6.1e-21,3.0,*,49.7,54895.0,341.0,0.5,5.179219538404421e+43,,1.766113862595907e+40
J0537-6910,84.4476,5.0,-69.17219,17.0,62.0261896,13.0,-1.99e-10,4.0,6.1e-21,3.0,*,49.7,55043.0,217.0,0.8,3.295866978984632e+43,,4.4700195902479064e+39
J0537-6910,84.4476,5.0,-69.17219,17.0,62.0261896,13.0,-1.99e-10,4.0,6.1e-21,3.0,*,49.7,55184.0,209.0,1.1,3.174360362247871e+43,,3.015642344135478e+39
J0537-6910,84.4476,5.0,-69.17219,17.0,62.0261896,13.0,-1.99e-10,4.0,6.1e-21,3.0,*,49.7,55280.0,549.0,0.3,8.338391573560197e+43,,7.629628289807584e+40
J0537-6910,84.4476,5.0,-69.17219,17.0,62.0261896,13.0,-1.99e-10,4.0,6.1e-21,3.0,*,49.7,55451.0,169.0,0.4,2.5668272785640682e+43,,5.4224226259665927e+39
J0537-6910,84.4476,5.0,-69.17219,17.0,62.0261896,13.0,-1.99e-10,4.0,6.1e-21,3.0,*,49.7,55519.0,122.0,0.4,1.8529759052355991e+43,,2.825788255484289e+39
J0537-6910,84.4476,5.0,-69.17219,17.0,62.0261896,13.0,-1.99e-10,4.0,6.1e-21,3.0,*,49.7,55552.0,8.0,-2.0,1.2150661673676062e+42,,-2.4301323347352125e+36
J0537-6910,84.4476,5.0,-69.17219,17.0,62.0261896,13.0,-1.99e-10,4.0,6.1e-21,3.0,*,49.7,55587.0,87.0,1.0,1.3213844570122717e+43,,5.748022388003381e+38
J0537-6910,84.4476,5.0,-69.17219,17.0,62.0261896,13.0,-1.99e-10,4.0,6.1e-21,3.0,*,49.7,55615.0,453.0,0.2,6.880312172719071e+43,,7.791953535604345e+40
J0537-6910,84.4476,5.0,-69.17219,17.0,62.0261896,13.0,-1.99e-10,4.0,6.1e-21,3.0,*,49.7,55786.1,14.0,-0.2,2.1263657928933106e+42,,-7.442280275126588e+37
J0537-6910,84.4476,5.0,-69.17219,17.0,62.0261896,13.0,-1.99e-10,4.0,6.1e-21,3.0,*,49.7,55819.0,346.0,0.9,5.255161173864896e+43,,1.0101587589762522e+40
J0537-6910,84.4476,5.0,-69.17219,17.0,62.0261896,13.0,-1.99e-10,4.0,6.1e-21,3.0,*,49.7,58083.0,260.51,0.75,3.956711090761688e+43,,6.871752041695515e+39
J0537-6910,84.4476,5.0,-69.17219,17.0,62.0261896,13.0,-1.99e-10,4.0,6.1e-21,3.0,*,49.7,58152.0,581.94,0.8,8.83869506797381e+43,,3.214743879910425e+40
J0537-6910,84.4476,5.0,-69.17219,17.0,62.0261896,13.0,-1.99e-10,4.0,6.1e-21,3.0,*,49.7,58363.0,126.5,1.2,1.921323377150027e+43,,1.0126975300394936e+39
J0537-6910,84.4476,5.0,-69.17219,17.0,62.0261896,13.0,-1.99e-10,4.0,6.1e-21,3.0,*,49.7,58424.0,409.0,1.0,6.212025780666887e+43,,1.2703592721463778e+40
J0537-6910,84.4476,5.0,-69.17219,17.0,62.0261896,13.0,-1.99e-10,4.0,6.1e-21,3.0,*,49.7,58566.0,148.7,0.45,2.258504238594538e+43,,3.731550891988976e+39
J0537-6910,84.4476,5.0,-69.17219,17.0,62.0261896,13.0,-1.99e-10,4.0,6.1e-21,3.0,*,49.7,58637.0,435.92,0.43,6.620895545986086e+43,,3.3560241702398317e+40
J0537-6910,84.4476,5.0,-69.17219,17.0,62.0261896,13.0,-1.99e-10,4.0,6.1e-21,3.0,*,49.7,58807.0,122.3,1.1,1.8575324033632278e+43,,1.032619149687831e+39
J0537-6910,84.4476,5.0,-69.17219,17.0,62.0261896,13.0,-1.99e-10,4.0,6.1e-21,3.0,*,49.7,58868.0,388.0,1.2,5.89307091173289e+43,,9.527131307301507e+39
J0540-6919,85.04667,4.0,-69.331714,14.0,19.77468603,7.0,-1.87e-10,8.0,3.77e-21,5.0,*,49.7,51335.0,1.4,0.133,2.161259752162432e+40,,1.1375051327170695e+35
J0601-0527,90.49573,9.0,-5.4641308,12.0,2.525449143,3.0,-8.3e-15,3.0,2.42e-26,5.0,*,2.083,51665.2,0.2,-0.7,5.035782761001529e+37,,-7.193975372859329e+30
J0601-0527,90.49573,9.0,-5.4641308,12.0,2.525449143,3.0,-8.3e-15,3.0,2.42e-26,5.0,*,2.083,54347.0,0.05,0.2,1.2589456902503823e+37,,1.5736821128129783e+30
J0611+1436,92.8277,6.0,14.6144,12.0,3.699189834,5.0,-5.47e-14,5.0,*,0.0,*,0.807,55818.0,5575.4,*,3.011958649532324e+42,,*
J0613-0200,93.43323292,10.0,-2.013121504,20.0,326.600562,1.0,-1.02e-15,19.0,*,0.0,T2,0.78,50888.0,0.0025,0.16,1.052770242748565e+40,,8.224767521473164e+31
J0631+1036,97.864683,17.0,10.61736,9.0,3.474634898,1.0,-1.26e-12,2.0,1.66e-22,12.0,*,2.105,50183.5,4.7,-0.7,2.2401440658246256e+39,,-7.520483649554101e+33
J0631+1036,97.864683,17.0,10.61736,9.0,3.474634898,1.0,-1.26e-12,2.0,1.66e-22,12.0,*,2.105,50480.1,4.2,0.1,2.0018308673326438e+39,,4.203844821398553e+34
J0631+1036,97.864683,17.0,10.61736,9.0,3.474634898,1.0,-1.26e-12,2.0,1.66e-22,12.0,*,2.105,50608.277,57.3,1.2,2.731069254718107e+40,,6.520427845639483e+35
J0631+1036,97.864683,17.0,10.61736,9.0,3.474634898,1.0,-1.26e-12,2.0,1.66e-22,12.0,*,2.105,50729.0,1662.7,3.5,7.92486710265235e+41,,1.8823823616542947e+38
J0631+1036,97.864683,17.0,10.61736,9.0,3.474634898,1.0,-1.26e-12,2.0,1.66e-22,12.0,*,2.105,51909.7,1.4,0.26,6.672769557775478e+38,,1.7965148809395518e+33
J0631+1036,97.864683,17.0,10.61736,9.0,3.474634898,1.0,-1.26e-12,2.0,1.66e-22,12.0,*,2.105,52852.5,17.6,2.48,8.388624586917746e+39,,2.976608724390168e+34
J0631+1036,97.864683,17.0,10.61736,9.0,3.474634898,1.0,-1.26e-12,2.0,1.66e-22,12.0,*,2.105,53230.1,1.6,0.4,7.626022351743406e+38,,1.5252044703486813e+33
J0631+1036,97.864683,17.0,10.61736,9.0,3.474634898,1.0,-1.26e-12,2.0,1.66e-22,12.0,*,2.105,53366.0,1.9,0.3,9.055901542695294e+38,,2.8677021551868434e+33
J0631+1036,97.864683,17.0,10.61736,9.0,3.474634898,1.0,-1.26e-12,2.0,1.66e-22,12.0,*,2.105,53622.6,1.1,0.2,5.242890366823591e+38,,1.4417948508764874e+33
J0631+1036,97.864683,17.0,10.61736,9.0,3.474634898,1.0,-1.26e-12,2.0,1.66e-22,12.0,*,2.105,54099.0,0.4,-0.2,1.9065055879358515e+38,,-1.906505587935852e+32
J0631+1036,97.864683,17.0,10.61736,9.0,3.474634898,1.0,-1.26e-12,2.0,1.66e-22,12.0,*,2.105,54170.4,1.6,-0.1,7.626022351743406e+38,,-6.100817881394727e+33
J0631+1036,97.864683,17.0,10.61736,9.0,3.474634898,1.0,-1.26e-12,2.0,1.66e-22,12.0,*,2.105,54632.53,43.2,3.3,2.0590260349707193e+40,,1.3477261319808346e+35
J0631+1036,97.864683,17.0,10.61736,9.0,3.474634898,1.0,-1.26e-12,2.0,1.66e-22,12.0,*,2.105,55119.35,9.4,0.2,4.480288131649251e+39,,1.052867710937574e+35
J0631+1036,97.864683,17.0,10.61736,9.0,3.474634898,1.0,-1.26e-12,2.0,1.66e-22,12.0,*,2.105,55276.7,7.5,*,3.5746979773797214e+39,,*
J0631+1036,97.864683,17.0,10.61736,9.0,3.474634898,1.0,-1.26e-12,2.0,1.66e-22,12.0,*,2.105,55702.0,3277.9,2.7,1.562333666673732e+42,,9.483654677758935e+38
J0631+1036,97.864683,17.0,10.61736,9.0,3.474634898,1.0,-1.26e-12,2.0,1.66e-22,12.0,*,2.105,58341.7,27.8,*,1.3250213836154166e+40,,*
J0631+1036,97.864683,17.0,10.61736,9.0,3.474634898,1.0,-1.26e-12,2.0,1.66e-22,12.0,*,2.105,58352.13,96.4,1.3,4.594678466925402e+40,,1.7035654008138797e+36
J0633+1746,98.475637,12.0,17.770252,12.0,4.217639624,35.0,-1.95e-13,81.0,*,0.0,*,0.19,50382.0,0.6,*,4.213567198913413e+38,,*
J0659+1414,104.950817,13.0,14.23872,9.0,2.597884229,2.0,-3.71e-13,8.0,7.64e-25,4.0,*,0.288,50197.0,0.6,0.3,1.598639626898351e+38,,1.5986396268983512e+32
J0659+1414,104.950817,13.0,14.23872,9.0,2.597884229,2.0,-3.71e-13,8.0,7.64e-25,4.0,*,0.288,51017.0,1.3,2.0,3.463719191613094e+38,,1.1257087372742558e+32
J0726-2612,111.53383,17.0,-26.2106,3.0,0.290502726,4.0,-2.47e-14,4.0,*,0.0,*,2.9,56913.0,2.8,-0.6,9.328636961515658e+36,,-2.176681957686987e+31
J0726-2612,111.53383,17.0,-26.2106,3.0,0.290502726,4.0,-2.47e-14,4.0,*,0.0,*,2.9,58791.0,510.0,1.7,1.6991445894189234e+39,,2.548716884128385e+35
J0729-1448,112.31854,9.0,-14.8102,3.0,3.973635498,19.0,-1.79e-12,6.0,2e-23,6.0,*,2.681,52010.0,24.8,1.6,1.5459216202694356e+40,,1.1980892557088127e+35
J0729-1448,112.31854,9.0,-14.8102,3.0,3.973635498,19.0,-1.79e-12,6.0,2e-23,6.0,*,2.681,54317.7,23.0,4.0,1.4337176317014924e+40,,4.1219381911417912e+34
J0729-1448,112.31854,9.0,-14.8102,3.0,3.973635498,19.0,-1.79e-12,6.0,2e-23,6.0,*,2.681,54483.6,13.0,1.0,8.103621396573653e+39,,5.267353907772873e+34
J0729-1448,112.31854,9.0,-14.8102,3.0,3.973635498,19.0,-1.79e-12,6.0,2e-23,6.0,*,2.681,54592.0,12.0,-2.0,7.480265904529526e+39,,-2.2440797713588585e+34
J0729-1448,112.31854,9.0,-14.8102,3.0,3.973635498,19.0,-1.79e-12,6.0,2e-23,6.0,*,2.681,54687.0,6676.0,54.0,4.161521264886592e+42,,2.5724366633687868e+38
J0729-1448,112.31854,9.0,-14.8102,3.0,3.973635498,19.0,-1.79e-12,6.0,2e-23,6.0,*,2.681,58266.6,3.8,*,2.3687508697676832e+39,,*
J0729-1836,112.3847371,5.0,-18.6117344,6.0,1.960168034,9.0,-7.28e-14,7.0,*,0.0,*,2.0,51422.0,1.0,-2.0,1.5168629435197043e+38,,-3.7921573587992614e+31
J0729-1836,112.3847371,5.0,-18.6117344,6.0,1.960168034,9.0,-7.28e-14,7.0,*,0.0,*,2.0,52150.0,4.0,6.0,6.067451774078817e+38,,2.022483924692939e+32
J0738-4042,114.634425,9.0,-40.71095,6.0,2.667230441,1.0,-9.78e-15,4.0,-4.05e-24,7.0,*,1.6,57359.0,0.36,3.0,1.0110748686803825e+38,,6.066449212082294e+30
J0742-2822,115.704408,9.0,-28.378822,12.0,5.996559477,7.0,-6.05e-13,5.0,-1.32e-24,8.0,*,2.0,47625.0,1.2,-0.8,1.7035123010705724e+39,,-1.2776342258029294e+33
J0742-2822,115.704408,9.0,-28.378822,12.0,5.996559477,7.0,-6.05e-13,5.0,-1.32e-24,8.0,*,2.0,48331.7,1.2,-1.0,1.7035123010705724e+39,,-1.0221073806423433e+33
J0742-2822,115.704408,9.0,-28.378822,12.0,5.996559477,7.0,-6.05e-13,5.0,-1.32e-24,8.0,*,2.0,51770.0,1.0,0.9,1.419593584225477e+39,,7.886631023474871e+32
J0742-2822,115.704408,9.0,-28.378822,12.0,5.996559477,7.0,-6.05e-13,5.0,-1.32e-24,8.0,*,2.0,52028.0,3.7,4.0,5.2524962616342653e+39,,2.429279521005848e+33
J0742-2822,115.704408,9.0,-28.378822,12.0,5.996559477,7.0,-6.05e-13,5.0,-1.32e-24,8.0,*,2.0,53083.0,1.7,-1.0,2.4133090931833108e+39,,-2.0513127292058146e+33
J0742-2822,115.704408,9.0,-28.378822,12.0,5.996559477,7.0,-6.05e-13,5.0,-1.32e-24,8.0,*,2.0,53467.7,1.8,4.6,2.5552684516058587e+39,,4.9994382748810294e+32
J0742-2822,115.704408,9.0,-28.378822,12.0,5.996559477,7.0,-6.05e-13,5.0,-1.32e-24,8.0,*,2.0,55020.469,92.0,-372.0,1.3060260974874388e+41,,-1.6149785076457579e+34
J0742-2822,115.704408,9.0,-28.378822,12.0,5.996559477,7.0,-6.05e-13,5.0,-1.32e-24,8.0,*,2.0,56725.2,2.4,-1.1,3.407024602141145e+39,,-3.7167541114267034e+33
J0742-2822,115.704408,9.0,-28.378822,12.0,5.996559477,7.0,-6.05e-13,5.0,-1.32e-24,8.0,*,2.0,59839.4,4304.2,*,6.110214705223298e+42,,*
J0758-1528,119.621128,3.0,-15.469094,6.0,1.465705763,3.0,-3.48e-15,3.0,-2.37e-26,6.0,*,2.71,49963.0,0.11,2.0,9.329234567185244e+36,,2.5655395059759424e+29
J0820-1350,125.1099238,5.0,-13.8488497,6.0,0.807669928,5.0,-1.37e-15,4.0,1.8e-28,5.0,*,1.9,49927.0,0.035,0.159,9.013544500797975e+35,,9.920567846790226e+28
J0820-1350,125.1099238,5.0,-13.8488497,6.0,0.807669928,5.0,-1.37e-15,4.0,1.8e-28,5.0,*,1.9,58063.0,0.082,0.14,2.1117447116155254e+36,,6.184395226874039e+29
J0834-4159,128.574196,9.0,-41.993331,6.0,8.256427514,12.0,-2.92e-13,2.0,*,0.0,*,5.508,53415.0,102.7,0.26,2.763850355874393e+41,,5.458604452851927e+37
J0835-4510,128.8358812,9.0,-45.17635419,9.0,11.19464994,5.0,-1.57e-11,2.0,1.03e-21,1.0,*,0.28,40280.0,2340.0,10.0,1.1577015889129664e+43,,1.3545108590281705e+39
J0835-4510,128.8358812,9.0,-45.17635419,9.0,11.19464994,5.0,-1.57e-11,2.0,1.03e-21,1.0,*,0.28,41192.0,2050.0,15.0,1.0142257509707612e+43,,6.930542631633535e+38
J0835-4510,128.8358812,9.0,-45.17635419,9.0,11.19464994,5.0,-1.57e-11,2.0,1.03e-21,1.0,*,0.28,41312.0,12.0,3.0,5.9369312251947e+40,,1.1873862450389401e+35
J0835-4510,128.8358812,9.0,-45.17635419,9.0,11.19464994,5.0,-1.57e-11,2.0,1.03e-21,1.0,*,0.28,42683.0,1990.0,11.0,9.845410948447875e+42,,8.905621721550575e+38
J0835-4510,128.8358812,9.0,-45.17635419,9.0,11.19464994,5.0,-1.57e-11,2.0,1.03e-21,1.0,*,0.28,43693.0,3060.0,18.0,1.5139174624246484e+43,,1.2868298430609511e+39
J0835-4510,128.8358812,9.0,-45.17635419,9.0,11.19464994,5.0,-1.57e-11,2.0,1.03e-21,1.0,*,0.28,44888.4,1145.0,49.0,5.664821877373275e+42,,6.618592907747345e+37
J0835-4510,128.8358812,9.0,-45.17635419,9.0,11.19464994,5.0,-1.57e-11,2.0,1.03e-21,1.0,*,0.28,45192.0,2050.0,23.0,1.0142257509707612e+43,,4.519919107587089e+38
J0835-4510,128.8358812,9.0,-45.17635419,9.0,11.19464994,5.0,-1.57e-11,2.0,1.03e-21,1.0,*,0.28,46257.228,1601.0,17.0,7.92085574294726e+42,,3.729791189546636e+38
J0835-4510,128.8358812,9.0,-45.17635419,9.0,11.19464994,5.0,-1.57e-11,2.0,1.03e-21,1.0,*,0.28,47519.8036,1805.0,77.0,8.930134051230359e+42,,1.0466812962643375e+38
J0835-4510,128.8358812,9.0,-45.17635419,9.0,11.19464994,5.0,-1.57e-11,2.0,1.03e-21,1.0,*,0.28,48457.382,2715.0,600.0,1.3432306897003007e+43,,3.0390594354469304e+37
J0835-4510,128.8358812,9.0,-45.17635419,9.0,11.19464994,5.0,-1.57e-11,2.0,1.03e-21,1.0,*,0.28,48550.0,5.55,1.053,2.745830691652548e+40,,7.2361635036427565e+34
J0835-4510,128.8358812,9.0,-45.17635419,9.0,11.19464994,5.0,-1.57e-11,2.0,1.03e-21,1.0,*,0.28,49559.0,835.0,0.0,4.131114644197978e+42,,*
J0835-4510,128.8358812,9.0,-45.17635419,9.0,11.19464994,5.0,-1.57e-11,2.0,1.03e-21,1.0,*,0.28,49591.2,199.0,120.0,9.845410948447876e+41,,8.163486578088033e+35
J0835-4510,128.8358812,9.0,-45.17635419,9.0,11.19464994,5.0,-1.57e-11,2.0,1.03e-21,1.0,*,0.28,50369.345,2110.0,5.95,1.0439104070967346e+43,,1.8509671924152182e+39
J0835-4510,128.8358812,9.0,-45.17635419,9.0,11.19464994,5.0,-1.57e-11,2.0,1.03e-21,1.0,*,0.28,51457.0,38.0,3.66,1.8800282213116547e+41,,9.759709345606953e+35
J0835-4510,128.8358812,9.0,-45.17635419,9.0,11.19464994,5.0,-1.57e-11,2.0,1.03e-21,1.0,*,0.28,51559.319,3085.72,6.736,1.5266422850173155e+43,,3.49672701285899e+39
J0835-4510,128.8358812,9.0,-45.17635419,9.0,11.19464994,5.0,-1.57e-11,2.0,1.03e-21,1.0,*,0.28,53193.0,2100.0,*,1.0389629644090725e+43,,*
J0835-4510,128.8358812,9.0,-45.17635419,9.0,11.19464994,5.0,-1.57e-11,2.0,1.03e-21,1.0,*,0.28,53960.0,2620.0,230.0,1.2962299841675093e+43,,7.382875127214945e+37
J0835-4510,128.8358812,9.0,-45.17635419,9.0,11.19464994,5.0,-1.57e-11,2.0,1.03e-21,1.0,*,0.28,55408.8,1940.0,75.0,9.598038814064764e+42,,1.2413463532857095e+38
J0835-4510,128.8358812,9.0,-45.17635419,9.0,11.19464994,5.0,-1.57e-11,2.0,1.03e-21,1.0,*,0.28,56556.0,3100.0,148.0,1.5337072331752974e+43,,1.606247440149805e+38
J0835-4510,128.8358812,9.0,-45.17635419,9.0,11.19464994,5.0,-1.57e-11,2.0,1.03e-21,1.0,*,0.28,56922.0,0.4,0.1,1.9789770750649e+39,,3.9579541501298e+33
J0835-4510,128.8358812,9.0,-45.17635419,9.0,11.19464994,5.0,-1.57e-11,2.0,1.03e-21,1.0,*,0.28,57734.48499,1431.0,*,7.079790486044679e+42,,*
J0835-4510,128.8358812,9.0,-45.17635419,9.0,11.19464994,5.0,-1.57e-11,2.0,1.03e-21,1.0,*,0.28,58515.5929,2501.2,8.69,1.2374543650380816e+43,,1.780852047084724e+39
J0835-4510,128.8358812,9.0,-45.17635419,9.0,11.19464994,5.0,-1.57e-11,2.0,1.03e-21,1.0,*,0.28,59417.2108,1260.0,*,6.233777786454434e+42,,*
J0846-3533,131.52517,4.0,-35.56144,3.0,0.89597834,8.0,-1.29e-15,1.0,9.3e-28,26.0,*,0.535,55679.0,0.62,3.0,1.9649271248998707e+37,,2.0304246957298663e+30
J0855-3331,133.91006,3.0,-33.52758,3.0,0.788932413,3.0,-3.93e-15,18.0,4.9e-28,40.0,*,0.503,54521.0,0.06,0.03,1.4743160233400726e+36,,1.4743160233400727e+30
J0901-4624,135.41717,13.0,-46.41347,14.0,2.262468363,7.0,-4.48e-13,4.0,*,0.0,*,3.032,57179.0,0.9,0.02,1.8187260032336575e+38,,4.092133507275729e+33
J0905-5127,136.4665,9.0,-51.465014,6.0,2.887660037,2.0,-2.07e-13,6.0,*,0.0,*,1.33,49552.0,13.6,-1.8,4.477037893857137e+39,,-1.6913254265682517e+34
J0905-5127,136.4665,9.0,-51.465014,6.0,2.887660037,2.0,-2.07e-13,6.0,*,0.0,*,1.33,52931.0,8.3,1.2,2.7323098911039884e+39,,9.449238373401296e+33
J0922+0638,140.558425,17.0,6.63981,5.0,2.322194777,9.0,-7.4e-14,5.0,1.8e-24,1.0,*,1.1,55152.0,1256.2,0.1,2.6743350338388217e+41,,1.6797498347541644e+39
J0940-5428,145.24258,17.0,-54.47794,9.0,11.42267024,5.0,-4.29e-12,12.0,*,0.0,*,0.377,55346.0,1573.9,11.0,8.107223593578024e+42,,5.799981460878387e+38
J0940-5428,145.24258,17.0,-54.47794,9.0,11.42267024,5.0,-4.29e-12,12.0,*,0.0,*,0.377,58322.0,1100.5,4.0,5.668720734946703e+42,,7.79803396101106e+38
J1015-5719,153.90817,17.0,-57.32022,6.0,7.148899107,3.0,-2.93e-12,7.0,*,0.0,*,2.732,56695.0,3232.3,11.0,6.521533577634251e+42,5.086796190554715e+40,9.581614992266904e+38
J1016-5857,154.08817,5.0,-58.95336,3.0,9.31216109,13.0,-7.01e-12,5.0,*,0.0,*,3.163,52549.0,1622.6,3.7,5.55484786046795e+42,,1.2180129916750398e+39
J1016-5857,154.08817,5.0,-58.95336,3.0,9.31216109,13.0,-7.01e-12,5.0,*,0.0,*,3.163,55041.0,1912.0,4.4,6.545586779991817e+42,,1.4221774912891312e+39
J1016-5857,154.08817,5.0,-58.95336,3.0,9.31216109,13.0,-7.01e-12,5.0,*,0.0,*,3.163,55595.0,1464.4,4.0,5.0132621760564937e+42,,9.176776413271412e+38
J1016-5857,154.08817,5.0,-58.95336,3.0,9.31216109,13.0,-7.01e-12,5.0,*,0.0,*,3.163,56975.0,6.21,*,2.125946333878095e+40,,*
J1016-5857,154.08817,5.0,-58.95336,3.0,9.31216109,13.0,-7.01e-12,5.0,*,0.0,*,3.163,55595.0,1464.4,4.0,5.0132621760564937e+42,,9.176776413271412e+38
J1019-5749,154.96725,17.0,-57.81831,14.0,6.153895006,4.0,-7.6e-13,12.0,*,0.0,*,10.913,55595.0,1.33,0.12,1.9884356565938468e+39,,1.1019247596957566e+34
J1019-5749,154.96725,17.0,-57.81831,14.0,6.153895006,4.0,-7.6e-13,12.0,*,0.0,*,10.913,55981.0,377.8,0.51,5.648353316249289e+41,,2.0921057675284136e+38
J1023-5746,155.762,3.0,-57.7681,6.0,8.970827684,7.0,-3.09e-11,1.0,7.1e-21,2.0,*,2.08,55043.0,3570.0,10.62,1.1342087204340338e+43,,1.9063677645713287e+39
J1023-5746,155.762,3.0,-57.7681,6.0,8.970827684,7.0,-3.09e-11,1.0,7.1e-21,2.0,*,2.08,56004.0,2822.0,12.6,8.965649885335696e+42,,1.0040104752546563e+39
J1023-5746,155.762,3.0,-57.7681,6.0,8.970827684,7.0,-3.09e-11,1.0,7.1e-21,2.0,*,2.08,56647.0,3306.0,11.0,1.050334462116223e+43,,1.5783662417073788e+39
J1023-5746,155.762,3.0,-57.7681,6.0,8.970827684,7.0,-3.09e-11,1.0,7.1e-21,2.0,*,2.08,57192.0,22.0,-1.74,6.989521526484243e+40,,-4.4186630339842915e+35
J1023-5746,155.762,3.0,-57.7681,6.0,8.970827684,7.0,-3.09e-11,1.0,7.1e-21,2.0,*,2.08,57727.0,3784.9,14.82,1.2024836375268277e+43,,1.5355196760038092e+39
J1023-5746,155.762,3.0,-57.7681,6.0,8.970827684,7.0,-3.09e-11,1.0,7.1e-21,2.0,*,2.08,58202.0,2729.0,5.2,8.670183748079772e+42,,2.2750895623567015e+39
J1023-5746,155.762,3.0,-57.7681,6.0,8.970827684,7.0,-3.09e-11,1.0,7.1e-21,2.0,*,2.08,58823.0,1681.0,6.77,5.340629857281823e+42,,6.630427466832161e+38
J1028-5819,157.1167,5.0,-58.3181,5.0,10.9405323,17.0,-1.93e-12,10.0,*,0.0,*,1.423,57881.0,2296.5,35.0,1.0851832750895861e+43,,3.5601762732046204e+38
J1048-5832,162.05438,9.0,-58.53506,3.0,8.082418468,2.0,-6.28e-12,2.0,1.47e-22,10.0,*,2.9,48944.0,19.0,0.3,4.899999123290321e+40,,1.5516663890419356e+36
J1048-5832,162.05438,9.0,-58.53506,3.0,8.082418468,2.0,-6.28e-12,2.0,1.47e-22,10.0,*,2.9,49034.0,3000.0,3.7,7.736840720984718e+42,,3.1365570490478585e+39
J1048-5832,162.05438,9.0,-58.53506,3.0,8.082418468,2.0,-6.28e-12,2.0,1.47e-22,10.0,*,2.9,50791.49,768.0,14.0,1.980631224572088e+42,,5.432588501683442e+37
J1048-5832,162.05438,9.0,-58.53506,3.0,8.082418468,2.0,-6.28e-12,2.0,1.47e-22,10.0,*,2.9,52733.0,1838.4,3.7,4.741135993819436e+42,,1.1778519474375203e+39
J1048-5832,162.05438,9.0,-58.53506,3.0,8.082418468,2.0,-6.28e-12,2.0,1.47e-22,10.0,*,2.9,53673.0,28.5,0.2,7.349998684935482e+40,,5.2368740630165306e+36
J1048-5832,162.05438,9.0,-58.53506,3.0,8.082418468,2.0,-6.28e-12,2.0,1.47e-22,10.0,*,2.9,54495.0,3043.1,4.77,7.847993332676198e+42,,2.503378250594019e+39
J1048-5832,162.05438,9.0,-58.53506,3.0,8.082418468,2.0,-6.28e-12,2.0,1.47e-22,10.0,*,2.9,56756.0,2963.0,9.0,7.641419685425907e+42,,1.2578625848842755e+39
J1048-5832,162.05438,9.0,-58.53506,3.0,8.082418468,2.0,-6.28e-12,2.0,1.47e-22,10.0,*,2.9,59203.9,8.89,*,2.2926838003184717e+40,,*
J1048-5832,162.05438,9.0,-58.53506,3.0,8.082418468,2.0,-6.28e-12,2.0,1.47e-22,10.0,*,2.9,59540.0,9.9,*,2.553157437924957e+40,,*
J1052-5954,163.1588,3.0,-59.91225,14.0,5.537359157,4.0,-6.13e-13,6.0,*,0.0,*,3.143,54526.0,6747.8,14.1,8.168218089322412e+42,,1.954521348337936e+39
J1055-6028,163.91329,9.0,-60.47708,6.0,10.03403208,4.0,-2.97e-12,6.0,*,0.0,*,3.83,57035.0,105.7,1.3,4.201319350777944e+41,,1.7079979052970335e+37
J1105-6107,166.35892,5.0,-61.130261,20.0,15.82225133,2.0,-3.97e-12,2.0,-5.4e-23,18.0,*,2.36,50417.0,279.7,4.63,2.7643228313613408e+42,,8.349687861034201e+37
J1105-6107,166.35892,5.0,-61.130261,20.0,15.82225133,2.0,-3.97e-12,2.0,-5.4e-23,18.0,*,2.36,50610.0,2.0,0.19,1.9766341303978126e+40,,1.040333752840954e+35
J1105-6107,166.35892,5.0,-61.130261,20.0,15.82225133,2.0,-3.97e-12,2.0,-5.4e-23,18.0,*,2.36,51598.0,971.7,0.1,9.603476922537774e+42,,4.665849262814978e+40
J1105-6107,166.35892,5.0,-61.130261,20.0,15.82225133,2.0,-3.97e-12,2.0,-5.4e-23,18.0,*,2.36,54711.0,23.0,0.0,2.2731292499574846e+41,,*
J1105-6107,166.35892,5.0,-61.130261,20.0,15.82225133,2.0,-3.97e-12,2.0,-5.4e-23,18.0,*,2.36,55288.0,954.4,*,9.432498070258364e+42,,*
J1112-6103,168.06171,17.0,-61.05864,17.0,15.39364982,6.0,-7.45e-12,3.0,*,0.0,*,4.464,51395.0,1825.0,4.7,1.707284160838516e+43,,3.3146740356705224e+39
J1112-6103,168.06171,17.0,-61.05864,17.0,15.39364982,6.0,-7.45e-12,3.0,*,0.0,*,4.464,53337.0,1202.0,7.0,1.1244688007276142e+43,,9.65436784624709e+38
J1112-6103,168.06171,17.0,-61.05864,17.0,15.39364982,6.0,-7.45e-12,3.0,*,0.0,*,4.464,55288.0,1793.0,6.0,1.6773482193881965e+43,,2.5062377978025304e+39
J1112-6103,168.06171,17.0,-61.05864,17.0,15.39364982,6.0,-7.45e-12,3.0,*,0.0,*,4.464,57922.0,1283.0,4.9,1.2002441525237346e+43,,1.5713400486611746e+39
J1119-6127,169.80958,9.0,-61.46375,6.0,2.451202781,5.0,-2.42e-11,1.0,6.39e-22,4.0,*,8.4,51398.0,4.4,0.04,1.0436884913260936e+39,,5.740286702293515e+34
J1119-6127,169.80958,9.0,-61.46375,6.0,2.451202781,5.0,-2.42e-11,1.0,6.39e-22,4.0,*,8.4,53290.0,321.0,6.0,7.614181948083546e+40,,2.0367936711123486e+36
J1119-6127,169.80958,9.0,-61.46375,6.0,2.451202781,5.0,-2.42e-11,1.0,6.39e-22,4.0,*,8.4,54240.0,5419.0,197.8,1.2853972578400229e+42,,1.7607602983405165e+37
J1119-6127,169.80958,9.0,-61.46375,6.0,2.451202781,5.0,-2.42e-11,1.0,6.39e-22,4.0,*,8.4,57597.5,5790.0,*,1.3733991738132003e+42,,*
J1123-6259,170.98138,5.0,-62.98637,3.0,3.684091893,1.0,-7.13e-14,4.0,*,0.0,*,2.187,49705.87,749.0,1.0,4.0133077441575855e+41,,1.5029837501870155e+38
J1124-5916,171.1625,5.0,-59.2719,3.0,7.381334652,9.0,-4.1e-11,9.0,-8.6e-22,4.0,*,5.0,55191.0,16.0,4.73,3.441513762785496e+40,,5.820742093506124e+34
J1141-3322,175.42815,9.0,-33.377031,14.0,3.430910712,3.0,-5.48e-15,1.0,0.0,2.0,*,1.853,50521.31,0.4,-4.0,1.8588252352468876e+38,,-9.294126176234438e+30
J1141-6545,175.279225,9.0,-65.7553092,5.0,2.538723048,4.0,-2.78e-14,8.0,*,0.0,DD,10.0,54277.0,589.0,5.0,1.4986688589068862e+41,5.994675435627545e+38,8.827159578961558e+36
J1248-6344,192.1932,3.0,-63.736,14.0,5.041970971,3.0,-4.3e-13,6.0,*,0.0,*,10.699,56043.0,1.7,*,1.706119080315719e+39,,*
J1301-6305,195.4407,6.0,-63.0927,4.0,5.419228977,16.0,-7.83e-12,8.0,2.3e-22,4.0,*,10.717,51923.0,4630.0,8.6,5.368039844653245e+42,,1.4450014232991005e+39
J1301-6305,195.4407,6.0,-63.0927,4.0,5.419228977,16.0,-7.83e-12,8.0,2.3e-22,4.0,*,10.717,53383.0,2664.0,3.9,3.0886518674203553e+42,,1.0548934070266446e+39
J1301-6305,195.4407,6.0,-63.0927,4.0,5.419228977,16.0,-7.83e-12,8.0,2.3e-22,4.0,*,10.717,55124.0,4169.0,5.8,4.833554667896194e+42,,1.7371628802120033e+39
J1301-6305,195.4407,6.0,-63.0927,4.0,5.419228977,16.0,-7.83e-12,8.0,2.3e-22,4.0,*,10.717,57718.0,658.0,6.0,7.628877360219946e+41,,4.1831677525206044e+37
J1302-6350,195.6984931,5.0,-63.83573016,3.0,20.9369242,15.0,-9.99e-13,5.0,-2.11e-24,2.0,MSS,2.632,50691.0,3.2,2.5,5.537777169333435e+40,,3.544177388373399e+34
J1320-5359,200.224671,13.0,-53.984722,12.0,3.574777585,1.0,-1.18e-13,1.0,*,0.0,*,2.204,56354.0,10.5,0.2,5.297208752986796e+39,,1.390517297659034e+35
J1320-5359,200.224671,13.0,-53.984722,12.0,3.574777585,1.0,-1.18e-13,1.0,*,0.0,*,2.204,56737.0,246.8,0.08,1.2450963049877535e+41,,1.92056105044361e+38
J1328-4357,202.0268,5.0,-43.96226,3.0,1.877233427,5.0,-1.06e-14,3.0,*,0.0,*,1.424,43590.0,116.0,*,1.613816991395436e+40,,*
J1341-6220,205.4276,4.0,-62.33908,14.0,5.172242227,5.0,-6.77e-12,7.0,-1e-23,19.0,*,12.599,47989.0,1509.0,0.2,1.593700422274471e+42,,6.01223484303044e+39
J1341-6220,205.4276,4.0,-62.33908,14.0,5.172242227,5.0,-6.77e-12,7.0,-1e-23,19.0,*,12.599,48453.0,23.0,-0.5,2.4290993845137724e+40,,-5.586928584381677e+35
J1341-6220,205.4276,4.0,-62.33908,14.0,5.172242227,5.0,-6.77e-12,7.0,-1e-23,19.0,*,12.599,48645.0,996.0,0.7,1.0519056465111815e+42,,7.483557313750977e+38
J1341-6220,205.4276,4.0,-62.33908,14.0,5.172242227,5.0,-6.77e-12,7.0,-1e-23,19.0,*,12.599,49134.0,13.0,0.6,1.3729692173338715e+40,,1.4873833187783608e+35
J1341-6220,205.4276,4.0,-62.33908,14.0,5.172242227,5.0,-6.77e-12,7.0,-1e-23,19.0,*,12.599,49363.0,146.0,0.7,1.5419500440826555e+41,,1.6080336174004836e+37
J1341-6220,205.4276,4.0,-62.33908,14.0,5.172242227,5.0,-6.77e-12,7.0,-1e-23,19.0,*,12.599,49523.0,37.0,-0.6,3.907681618565634e+40,,-1.204868499057737e+36
J1341-6220,205.4276,4.0,-62.33908,14.0,5.172242227,5.0,-6.77e-12,7.0,-1e-23,19.0,*,12.599,49766.0,15.0,-0.3,1.584195250769852e+40,,-3.960488126924631e+35
J1341-6220,205.4276,4.0,-62.33908,14.0,5.172242227,5.0,-6.77e-12,7.0,-1e-23,19.0,*,12.599,49904.0,31.0,-1.9,3.274003518257693e+40,,-2.6708976069996973e+35
J1341-6220,205.4276,4.0,-62.33908,14.0,5.172242227,5.0,-6.77e-12,7.0,-1e-23,19.0,*,12.599,50008.0,1648.0,3.3,1.740502515512477e+42,,4.345982038734186e+38
J1341-6220,205.4276,4.0,-62.33908,14.0,5.172242227,5.0,-6.77e-12,7.0,-1e-23,19.0,*,12.599,50322.0,30.0,0.6,3.168390501539704e+40,,7.92097625384926e+35
J1341-6220,205.4276,4.0,-62.33908,14.0,5.172242227,5.0,-6.77e-12,7.0,-1e-23,19.0,*,12.599,50529.0,23.0,1.0,2.4290993845137724e+40,,2.7934642921908375e+35
J1341-6220,205.4276,4.0,-62.33908,14.0,5.172242227,5.0,-6.77e-12,7.0,-1e-23,19.0,*,12.599,50683.0,708.0,1.2,7.4774015836337e+41,,2.2058334671719417e+38
J1341-6220,205.4276,4.0,-62.33908,14.0,5.172242227,5.0,-6.77e-12,7.0,-1e-23,19.0,*,12.599,51144.0,170.0,*,1.7954212842058318e+41,,*
J1341-6220,205.4276,4.0,-62.33908,14.0,5.172242227,5.0,-6.77e-12,7.0,-1e-23,19.0,*,12.599,51617.0,1121.5,*,1.1844499824922591e+42,,*
J1341-6220,205.4276,4.0,-62.33908,14.0,5.172242227,5.0,-6.77e-12,7.0,-1e-23,19.0,*,12.599,52093.0,480.0,*,5.069424802463526e+41,,*
J1341-6220,205.4276,4.0,-62.33908,14.0,5.172242227,5.0,-6.77e-12,7.0,-1e-23,19.0,*,12.599,52250.0,454.5,*,4.800111609832651e+41,,*
J1341-6220,205.4276,4.0,-62.33908,14.0,5.172242227,5.0,-6.77e-12,7.0,-1e-23,19.0,*,12.599,52788.0,219.2,-8.3,2.315037326458343e+41,,-3.05696495156427e+36
J1341-6220,205.4276,4.0,-62.33908,14.0,5.172242227,5.0,-6.77e-12,7.0,-1e-23,19.0,*,12.599,53232.0,277.0,*,2.925480563088326e+41,,*
J1341-6220,205.4276,4.0,-62.33908,14.0,5.172242227,5.0,-6.77e-12,7.0,-1e-23,19.0,*,12.599,53471.0,985.0,*,1.0402882146722027e+42,,*
J1341-6220,205.4276,4.0,-62.33908,14.0,5.172242227,5.0,-6.77e-12,7.0,-1e-23,19.0,*,12.599,54128.0,194.0,5.0,2.0488925243290082e+41,,3.974851497198276e+36
J1341-6220,205.4276,4.0,-62.33908,14.0,5.172242227,5.0,-6.77e-12,7.0,-1e-23,19.0,*,12.599,54468.0,3078.2,*,3.2509798806131713e+42,,*
J1341-6220,205.4276,4.0,-62.33908,14.0,5.172242227,5.0,-6.77e-12,7.0,-1e-23,19.0,*,12.599,54870.0,3066.7,*,3.2388343836906024e+42,,*
J1341-6220,205.4276,4.0,-62.33908,14.0,5.172242227,5.0,-6.77e-12,7.0,-1e-23,19.0,*,12.599,55088.0,1579.0,*,1.667629533977064e+42,,*
J1341-6220,205.4276,4.0,-62.33908,14.0,5.172242227,5.0,-6.77e-12,7.0,-1e-23,19.0,*,12.599,55484.0,2.4,0.49,2.5347124012317625e+39,,6.207458941792072e+33
J1341-6220,205.4276,4.0,-62.33908,14.0,5.172242227,5.0,-6.77e-12,7.0,-1e-23,19.0,*,12.599,55835.0,329.0,0.98,3.474668250021874e+41,,5.832478848251002e+37
J1341-6220,205.4276,4.0,-62.33908,14.0,5.172242227,5.0,-6.77e-12,7.0,-1e-23,19.0,*,12.599,56098.0,151.2,0.22,1.5968688127760105e+41,,5.487421920266655e+37
J1341-6220,205.4276,4.0,-62.33908,14.0,5.172242227,5.0,-6.77e-12,7.0,-1e-23,19.0,*,12.599,56386.0,96.0,*,1.0138849604927051e+41,,*
J1341-6220,205.4276,4.0,-62.33908,14.0,5.172242227,5.0,-6.77e-12,7.0,-1e-23,19.0,*,12.599,56479.0,37.0,*,3.907681618565634e+40,,*
J1341-6220,205.4276,4.0,-62.33908,14.0,5.172242227,5.0,-6.77e-12,7.0,-1e-23,19.0,*,12.599,56602.0,1709.7,1.06,1.8056657468274768e+42,,1.456201286486291e+39
J1341-6220,205.4276,4.0,-62.33908,14.0,5.172242227,5.0,-6.77e-12,7.0,-1e-23,19.0,*,12.599,57357.0,28.7,0.25,3.031093579806316e+40,,1.7398477148088257e+36
J1341-6220,205.4276,4.0,-62.33908,14.0,5.172242227,5.0,-6.77e-12,7.0,-1e-23,19.0,*,12.599,57492.0,21.7,0.8,2.291802462780385e+40,,3.1082570901458967e+35
J1341-6220,205.4276,4.0,-62.33908,14.0,5.172242227,5.0,-6.77e-12,7.0,-1e-23,19.0,*,12.599,57647.0,706.0,0.77,7.456278980290101e+41,,3.418268155899228e+38
J1341-6220,205.4276,4.0,-62.33908,14.0,5.172242227,5.0,-6.77e-12,7.0,-1e-23,19.0,*,12.599,57880.0,60.0,*,6.336781003079408e+40,,*
J1357-6429,209.26012,9.0,-64.49172,3.0,6.020167773,5.0,-1.31e-11,5.0,1.16e-21,16.0,*,3.1,52021.0,2428.0,6.3,3.473966356619409e+42,,6.694278026882482e+38
J1357-6429,209.26012,9.0,-64.49172,3.0,6.020167773,5.0,-1.31e-11,5.0,1.16e-21,16.0,*,3.1,54803.0,1752.0,2.8,2.5067500233925887e+42,,7.842546501756813e+38
J1357-6429,209.26012,9.0,-64.49172,3.0,6.020167773,5.0,-1.31e-11,5.0,1.16e-21,16.0,*,3.1,55576.0,4860.0,14.7,6.953655886808208e+42,,1.1494818914927853e+39
J1357-6429,209.26012,9.0,-64.49172,3.0,6.020167773,5.0,-1.31e-11,5.0,1.16e-21,16.0,*,3.1,57795.0,2250.0,7.0,3.219285132781578e+42,,5.173851106256107e+38
J1357-6429,209.26012,9.0,-64.49172,3.0,6.020167773,5.0,-1.31e-11,5.0,1.16e-21,16.0,*,3.1,58148.0,1930.0,*,2.76143124723042e+42,,*
J1406-6121,211.7085,3.0,-61.35775,17.0,4.693190777,3.0,-1.2e-12,5.0,*,0.0,*,7.292,56193.0,143.5,2.0,1.2478088308579047e+41,,4.476514180702733e+36
J1410-6132,212.598296,13.0,-61.535597,12.0,19.979243,0.0,-1.28e-11,0.0,*,0.0,*,13.51,54652.0,272.6,-3.31,4.295795971221661e+42,,-1.7689335071828174e+38
J1412-6145,213.0318,5.0,-61.75791,3.0,3.172000791,13.0,-9.96e-13,4.0,6.4e-24,4.0,*,7.097,51868.0,7253.0,18.0,2.881004841235156e+42,,5.8044244759662735e+38
J1413-6141,213.2911,4.0,-61.6869,3.0,3.501098748,20.0,-4.09e-12,19.0,*,0.0,*,8.469,51290.0,39.0,*,1.8872657744471235e+40,,*
J1413-6141,213.2911,4.0,-61.6869,3.0,3.501098748,20.0,-4.09e-12,19.0,*,0.0,*,8.469,51463.0,970.0,*,4.693968721060794e+41,,*
J1413-6141,213.2911,4.0,-61.6869,3.0,3.501098748,20.0,-4.09e-12,19.0,*,0.0,*,8.469,51796.3,59.7,-0.3,2.88896837780752e+40,,-2.874523535918484e+36
J1413-6141,213.2911,4.0,-61.6869,3.0,3.501098748,20.0,-4.09e-12,19.0,*,0.0,*,8.469,52092.0,811.0,0.3,3.924544982247736e+41,,5.304676634338192e+38
J1413-6141,213.2911,4.0,-61.6869,3.0,3.501098748,20.0,-4.09e-12,19.0,*,0.0,*,8.469,52899.4,46.9,*,2.269558072347951e+40,,*
J1413-6141,213.2911,4.0,-61.6869,3.0,3.501098748,20.0,-4.09e-12,19.0,*,0.0,*,8.469,53125.0,1410.0,*,6.823191646078061e+41,,*
J1413-6141,213.2911,4.0,-61.6869,3.0,3.501098748,20.0,-4.09e-12,19.0,*,0.0,*,8.469,54286.0,2409.8,0.4,1.1661366828878663e+42,,3.512695223028975e+39
J1413-6141,213.2911,4.0,-61.6869,3.0,3.501098748,20.0,-4.09e-12,19.0,*,0.0,*,8.469,55744.0,235.0,*,1.137198607679677e+41,,*
J1413-6141,213.2911,4.0,-61.6869,3.0,3.501098748,20.0,-4.09e-12,19.0,*,0.0,*,8.469,56147.0,200.0,*,9.67828602280576e+40,,*
J1413-6141,213.2911,4.0,-61.6869,3.0,3.501098748,20.0,-4.09e-12,19.0,*,0.0,*,8.469,56567.0,371.0,*,1.7953220572304686e+41,,*
J1413-6141,213.2911,4.0,-61.6869,3.0,3.501098748,20.0,-4.09e-12,19.0,*,0.0,*,8.469,56975.0,30.0,*,1.4517429034208643e+40,,*
J1413-6141,213.2911,4.0,-61.6869,3.0,3.501098748,20.0,-4.09e-12,19.0,*,0.0,*,8.469,57236.0,266.0,*,1.2872120410331663e+41,,*
J1413-6141,213.2911,4.0,-61.6869,3.0,3.501098748,20.0,-4.09e-12,19.0,*,0.0,*,8.469,57509.0,356.0,*,1.7227349120594254e+41,,*
J1413-6141,213.2911,4.0,-61.6869,3.0,3.501098748,20.0,-4.09e-12,19.0,*,0.0,*,8.469,57838.0,2137.0,*,1.0341248615367956e+42,,*
J1413-6205,213.3746,5.0,-62.0939,3.0,9.112389504,2.0,-2.3e-12,3.0,*,0.0,*,2.15,54735.0,1730.0,*,5.671140281373038e+42,,*
J1420-6048,215.03432,7.0,-60.80456,5.0,14.66708434,5.0,-1.79e-11,7.0,*,0.0,*,5.632,51600.0,1146.2,3.8,9.734367082920734e+42,,1.4680962566373348e+39
J1420-6048,215.03432,7.0,-60.80456,5.0,14.66708434,5.0,-1.79e-11,7.0,*,0.0,*,5.632,52754.0,2019.0,6.6,1.7146821794117046e+43,,2.6226843335092666e+39
J1420-6048,215.03432,7.0,-60.80456,5.0,14.66708434,5.0,-1.79e-11,7.0,*,0.0,*,5.632,53725.0,1270.0,3.9,1.0785767052267783e+43,,1.7561441226128314e+39
J1420-6048,215.03432,7.0,-60.80456,5.0,14.66708434,5.0,-1.79e-11,7.0,*,0.0,*,5.632,54652.0,937.1,2.95,7.958537247779637e+42,,1.2640585177786947e+39
J1420-6048,215.03432,7.0,-60.80456,5.0,14.66708434,5.0,-1.79e-11,7.0,*,0.0,*,5.632,55410.0,1346.0,*,1.1431214529411367e+43,,*
J1420-6048,215.03432,7.0,-60.80456,5.0,14.66708434,5.0,-1.79e-11,7.0,*,0.0,*,5.632,56267.0,1954.2,5.7,1.659649289255252e+43,,2.844988281633871e+39
J1420-6048,215.03432,7.0,-60.80456,5.0,14.66708434,5.0,-1.79e-11,7.0,*,0.0,*,5.632,57210.0,1210.0,9.0,1.0276203254522849e+43,,6.90789218776258e+38
J1452-6036,223.216187,17.0,-60.608731,14.0,6.451937925,2.0,-6.04e-14,2.0,*,0.0,*,6.135,55055.22,29.0,0.19,4.765825045688115e+40,,3.637077008551456e+36
J1452-6036,223.216187,17.0,-60.608731,14.0,6.451937925,2.0,-6.04e-14,2.0,*,0.0,*,6.135,57115.0,0.13,*,2.136404330825707e+38,,*
J1453-6413,223.3861,3.0,-64.221111,14.0,5.571440214,9.0,-8.52e-14,15.0,2.2e-25,3.0,*,2.8,54552.0,0.3,0.6,3.676342293957058e+38,,9.190855734892643e+31
J1509+5531,227.3567908,5.0,55.525665,6.0,1.351932458,7.0,-9.14e-15,7.0,5.16e-26,15.0,*,2.1,41732.0,0.2,-6.0,1.443110950970135e+37,,-2.4051849182835586e+29
J1524-5625,231.20775,17.0,-56.42317,17.0,12.78469128,9.0,-6.37e-12,4.0,*,0.0,*,3.378,55745.0,2977.0,15.5,1.9209632744776897e+43,,1.8447444090709947e+39
J1531-5610,232.86625,5.0,-56.18204,4.0,11.87562928,4.0,-1.95e-12,14.0,1.37e-23,2.0,*,2.841,51731.0,2637.0,25.0,1.4681929358497322e+43,,7.743249543671487e+38
J1532+2745,233.0431858,5.0,27.7637842,3.0,0.889018691,5.0,-6.16e-16,4.0,*,0.0,*,1.695,49732.0,0.29,-1.0,9.048560994463489e+36,,-1.312041344197206e+30
J1539-5626,234.8086,8.0,-56.44064,6.0,4.108545287,18.0,-8.18e-14,2.0,*,0.0,*,3.536,48165.0,2793.0,1.0,1.8612590791170366e+42,,2.599248303986941e+39
J1614-5048,243.54704,13.0,-50.80097,14.0,4.316040583,14.0,-9.22e-12,3.0,-1.6e-21,3.0,*,5.148,49803.0,6460.0,9.7,4.750762218250323e+42,,1.5819548417472724e+39
J1614-5048,243.54704,13.0,-50.80097,14.0,4.316040583,14.0,-9.22e-12,3.0,-1.6e-21,3.0,*,5.148,53013.0,6242.0,9.14,4.590442378687077e+42,,1.5674803789805653e+39
J1614-5048,243.54704,13.0,-50.80097,14.0,4.316040583,14.0,-9.22e-12,3.0,-1.6e-21,3.0,*,5.148,55734.0,4098.0,3.0,3.0137188189457935e+42,,2.0583699533399774e+39
J1614-5048,243.54704,13.0,-50.80097,14.0,4.316040583,14.0,-9.22e-12,3.0,-1.6e-21,3.0,*,5.148,56443.0,5949.0,*,4.37496663101721e+42,,*
J1617-5055,244.3721,5.0,-50.92033,6.0,14.4181871,7.0,-2.81e-11,5.0,*,0.0,*,4.743,46960.0,600.0,*,4.924161643853689e+42,,*
J1617-5055,244.3721,5.0,-50.92033,6.0,14.4181871,7.0,-2.81e-11,5.0,*,0.0,*,4.743,54747.0,334.0,9.0,2.7411166484118864e+42,,5.0862942253864985e+37
J1617-5055,244.3721,5.0,-50.92033,6.0,14.4181871,7.0,-2.81e-11,5.0,*,0.0,*,4.743,55164.0,11.0,0.8,9.02762968039843e+40,,6.206495405273919e+35
J1617-5055,244.3721,5.0,-50.92033,6.0,14.4181871,7.0,-2.81e-11,5.0,*,0.0,*,4.743,55316.0,68.0,2.2,5.580716529700847e+41,,8.62474372771949e+36
J1617-5055,244.3721,5.0,-50.92033,6.0,14.4181871,7.0,-2.81e-11,5.0,*,0.0,*,4.743,55873.0,55.0,1.1,4.513814840199214e+41,,1.1284537100498038e+37
J1617-5055,244.3721,5.0,-50.92033,6.0,14.4181871,7.0,-2.81e-11,5.0,*,0.0,*,4.743,56267.0,2068.0,13.2,1.6971943799149045e+43,,1.3294689309333421e+39
J1644-4559,251.205304,9.0,-45.986031,14.0,2.197424522,9.0,-9.7e-14,3.0,4.33e-24,6.0,*,4.5,43390.0,191.0,2.0,3.6410030047182486e+40,,1.738578934752964e+36
J1644-4559,251.205304,9.0,-45.986031,14.0,2.197424522,9.0,-9.7e-14,3.0,4.33e-24,6.0,*,4.5,46453.0,803.6,0.5,1.531890059995594e+41,,1.2310268522124592e+38
J1644-4559,251.205304,9.0,-45.986031,14.0,2.197424522,9.0,-9.7e-14,3.0,4.33e-24,6.0,*,4.5,47589.0,1.61,1.1,3.069117716019048e+38,,2.2460361467230312e+32
J1644-4559,251.205304,9.0,-45.986031,14.0,2.197424522,9.0,-9.7e-14,3.0,4.33e-24,6.0,*,4.5,56600.0,717.4,0.4,1.3675683537093569e+41,,1.2263669211888655e+38
J1646-4346,251.7137,13.0,-43.7772,14.0,4.317727224,17.0,-2.1e-12,8.0,*,0.0,*,6.226,53876.0,885.0,1.5,6.513484909655734e+41,,1.9214780483484423e+38
J1646-4346,251.7137,13.0,-43.7772,14.0,4.317727224,17.0,-2.1e-12,8.0,*,0.0,*,6.226,55288.0,8591.0,16.0,6.32286427783643e+42,,1.6974914690903995e+39
J1650-4502,252.6346,3.0,-45.0437,6.0,2.625569163,3.0,-1.11e-13,11.0,*,0.0,*,3.918,57778.0,12767.0,290.0,3.4745256418484856e+42,,7.648149805082695e+37
J1702-4128,255.71883,5.0,-41.48006,14.0,5.490408716,19.0,-1.58e-12,10.0,3.1e-24,10.0,*,3.967,57719.0,3090.0,10.0,3.677287341734127e+42,,5.681408942979225e+38
J1702-4310,255.6123,3.0,-43.1778,6.0,4.157591601,7.0,-3.87e-12,4.0,4.5e-23,4.0,*,4.326,53943.0,4810.0,17.0,3.282377039419129e+42,,4.643598105766473e+38
J1702-4310,255.6123,3.0,-43.1778,6.0,4.157591601,7.0,-3.87e-12,4.0,4.5e-23,4.0,*,4.326,57510.0,3129.0,5.0,2.1352510927946884e+42,,6.681200669354581e+38
J1705-1906,256.400416,13.0,-19.11073,11.0,3.344622243,18.0,-4.63e-14,11.0,3.34e-26,15.0,*,0.747,48902.0,0.4,1.0,1.7665009501442094e+38,,3.533001900288419e+31
J1705-1906,256.400416,13.0,-19.11073,11.0,3.344622243,18.0,-4.63e-14,11.0,3.34e-26,15.0,*,0.747,55171.0,0.28,*,1.2365506651009467e+38,,*
J1705-1906,256.400416,13.0,-19.11073,11.0,3.344622243,18.0,-4.63e-14,11.0,3.34e-26,15.0,*,0.747,55955.0,0.3,*,1.3248757126081568e+38,,*
J1705-1906,256.400416,13.0,-19.11073,11.0,3.344622243,18.0,-4.63e-14,11.0,3.34e-26,15.0,*,0.747,57954.0,0.18,*,7.94925427564894e+37,,*
J1705-3423,256.426508,13.0,-34.39531,6.0,3.915016338,1.0,-1.65e-14,6.0,0.0,2.0,*,3.843,51956.0,0.59,1.0,3.570087873721739e+38,,1.0531759227479132e+32
J1705-3423,256.426508,13.0,-34.39531,6.0,3.915016338,1.0,-1.65e-14,6.0,0.0,2.0,*,3.843,54408.0,0.57,3.0,3.449067945798969e+38,,3.27661454850902e+31
J1705-3423,256.426508,13.0,-34.39531,6.0,3.915016338,1.0,-1.65e-14,6.0,0.0,2.0,*,3.843,55503.0,0.6,5.0,3.630597837683125e+38,,2.1783587026098743e+31
J1705-3950,256.37433,13.0,-39.8497,3.0,3.135371383,14.0,-5.96e-13,13.0,*,0.0,*,3.426,58236.0,9331.0,61.0,3.6213116888018033e+42,,2.7697097842794784e+38
J1708-4008,257.1953,3.0,-40.1479,20.0,0.090857365,5.0,-1.62e-13,8.0,-1e-22,6.0,*,3.8,51445.0,561.0,5.0,1.8282806924082616e+38,,1.0256654684410348e+34
J1708-4008,257.1953,3.0,-40.1479,20.0,0.090857365,5.0,-1.62e-13,8.0,-1e-22,6.0,*,3.8,52016.0,4202.0,620.0,1.3694180872548158e+39,,4.6405603247134986e+33
J1708-4008,257.1953,3.0,-40.1479,20.0,0.090857365,5.0,-1.62e-13,8.0,-1e-22,6.0,*,3.8,52990.0,308.0,0.0,1.0037619487731632e+38,,*
J1708-4008,257.1953,3.0,-40.1479,20.0,0.090857365,5.0,-1.62e-13,8.0,-1e-22,6.0,*,3.8,53366.0,572.0,12.0,1.8641293334358748e+38,,4.442841578022167e+33
J1708-4008,257.1953,3.0,-40.1479,20.0,0.090857365,5.0,-1.62e-13,8.0,-1e-22,6.0,*,3.8,53549.0,2707.0,12.0,8.82202466015894e+38,,9.950508647937604e+34
J1708-4008,257.1953,3.0,-40.1479,20.0,0.090857365,5.0,-1.62e-13,8.0,-1e-22,6.0,*,3.8,53636.0,737.0,-36.0,2.4018589488500694e+38,,-2.4585695073645846e+33
J1709-4429,257.428033,9.0,-44.485622,17.0,9.759978135,7.0,-8.86e-12,12.0,1.73e-22,7.0,*,2.6,48775.0,2057.0,4.0,7.73555926686325e+42,,1.9890056764922134e+39
J1709-4429,257.428033,9.0,-44.485622,17.0,9.759978135,7.0,-8.86e-12,12.0,1.73e-22,7.0,*,2.6,51488.0,1167.0,6.2,4.388623074588923e+42,,4.130260587133285e+38
J1709-4429,257.428033,9.0,-44.485622,17.0,9.759978135,7.0,-8.86e-12,12.0,1.73e-22,7.0,*,2.6,52716.0,2872.0,8.0,1.0800450274395362e+43,,1.9386808242539676e+39
J1709-4429,257.428033,9.0,-44.485622,17.0,9.759978135,7.0,-8.86e-12,12.0,1.73e-22,7.0,*,2.6,54710.0,2749.7,4.95,1.0340528593142383e+43,,2.8720557042993547e+39
J1709-4429,257.428033,9.0,-44.485622,17.0,9.759978135,7.0,-8.86e-12,12.0,1.73e-22,7.0,*,2.6,58176.0,52.4,*,1.970555690732301e+41,,*
J1718-3718,259.54096,5.0,-37.31431,6.0,0.295982839,3.0,-1.41e-13,4.0,-9.86e-24,16.0,*,3.918,54610.0,33250.0,6.0,1.149964541650281e+41,,3.186360084155987e+38
J1718-3825,259.556521,17.0,-38.42168,5.0,13.39227352,7.0,-2.37e-12,11.0,*,0.0,*,3.488,54911.0,1.94,-0.12,1.3736310143993445e+40,,-1.1103517366394701e+35
J1718-3825,259.556521,17.0,-38.42168,5.0,13.39227352,7.0,-2.37e-12,11.0,*,0.0,*,3.488,57950.0,7.1,*,5.027206289812034e+40,,*
J1720-1633,260.10503,5.0,-16.5594,4.0,0.638732286,12.0,-2.37e-15,9.0,7.3e-27,18.0,*,0.988,51169.0,1.5,8.0,2.415954404671851e+37,,2.2649572543798607e+30
J1721-3532,260.38658,7.0,-35.5471,3.0,3.566030384,7.0,-3.2e-13,10.0,6.9e-25,5.0,*,4.6,49971.0,7.5,0.3,3.7652262564856606e+39,,4.706532820607077e+34
J1722-3632,260.5409,4.0,-36.54814,14.0,2.505114493,3.0,-2.8e-14,19.0,*,0.0,*,3.992,55283.0,2702.18,0.89,6.694669950585392e+41,4.016801970351235e+37,1.0163035532063388e+39
J1730-3350,262.63566,6.0,-33.8443,3.0,7.170503981,9.0,-4.36e-12,9.0,6.19e-23,4.0,*,3.488,48000.0,3033.0,4.0,6.15646634280804e+42,,2.3340703022170982e+39
J1730-3350,262.63566,6.0,-33.8443,3.0,7.170503981,9.0,-4.36e-12,9.0,6.19e-23,4.0,*,3.488,52107.0,3202.0,5.9,6.499507164415214e+42,,1.7636798254625013e+39
J1730-3350,262.63566,6.0,-33.8443,3.0,7.170503981,9.0,-4.36e-12,9.0,6.19e-23,4.0,*,3.488,55908.0,2254.0,5.3,4.5752308396601787e+42,,9.72883991754155e+38
J1730-3350,262.63566,6.0,-33.8443,3.0,7.170503981,9.0,-4.36e-12,9.0,6.19e-23,4.0,*,3.488,58398.0,5.9,*,1.197598134604927e+40,,*
J1730-3353,262.7316,5.0,-33.894,4.0,0.305787786,4.0,-2.05e-15,3.0,*,0.0,*,3.46,54004.0,68.9,*,2.54342670940105e+38,,*
J1731-4744,262.92567,3.0,-47.743406,17.0,1.205067862,6.0,-2.38e-13,5.0,5.6e-24,13.0,*,0.7,49387.2,137.0,1.5,7.854224535305439e+39,,3.5867625377894835e+35
J1731-4744,262.92567,3.0,-47.743406,17.0,1.205067862,6.0,-2.38e-13,5.0,5.6e-24,13.0,*,0.7,50718.1,4.4,4.0,2.52252466827328e+38,,1.387388567550304e+32
J1731-4744,262.92567,3.0,-47.743406,17.0,1.205067862,6.0,-2.38e-13,5.0,5.6e-24,13.0,*,0.7,52472.7,126.4,3.4,7.246525410675968e+39,,1.3470011939844746e+35
J1731-4744,262.92567,3.0,-47.743406,17.0,1.205067862,6.0,-2.38e-13,5.0,5.6e-24,13.0,*,0.7,53582.0,2.7,0.2,1.5479128646222398e+38,,1.0448411836200118e+33
J1731-4744,262.92567,3.0,-47.743406,17.0,1.205067862,6.0,-2.38e-13,5.0,5.6e-24,13.0,*,0.7,56975.0,6.4,*,3.66912679021568e+38,,*
J1731-4744,262.92567,3.0,-47.743406,17.0,1.205067862,6.0,-2.38e-13,5.0,5.6e-24,13.0,*,0.7,57984.0,3147.7,*,1.804579749619046e+41,,*
J1734-3333,263.6121,9.0,-33.556,3.0,0.855182765,3.0,-1.67e-12,3.0,2.8e-24,6.0,*,4.461,56340.0,90.0,1.0,2.598484469826922e+39,,1.1693180114221147e+35
J1734-3333,263.6121,9.0,-33.556,3.0,0.855182765,3.0,-1.67e-12,3.0,2.8e-24,6.0,*,4.461,58944.0,24.0,*,6.929291919538459e+38,,*
J1737-3102,264.39054,17.0,-31.0335,12.0,1.300944544,8.0,-6.32e-14,9.0,*,0.0,*,3.602,57087.0,18.0,*,1.2026792275020732e+39,,*
J1737-3137,264.26788,17.0,-31.6225,9.0,2.220089111,3.0,-6.84e-13,13.0,7.2e-24,14.0,*,4.162,51559.0,4.0,0.0,7.783242135313925e+38,,*
J1737-3137,264.26788,17.0,-31.6225,9.0,2.220089111,3.0,-6.84e-13,13.0,7.2e-24,14.0,*,4.162,53040.0,234.0,2.9,4.553196649158646e+40,,1.8369793377640047e+36
J1737-3137,264.26788,17.0,-31.6225,9.0,2.220089111,3.0,-6.84e-13,13.0,7.2e-24,14.0,*,4.162,54348.0,1342.4,1.4,2.6120560606113532e+41,,1.2522943056302433e+38
J1737-3137,264.26788,17.0,-31.6225,9.0,2.220089111,3.0,-6.84e-13,13.0,7.2e-24,14.0,*,4.162,57115.0,7.0,0.0,1.3620673736799368e+39,,*
J1737-3137,264.26788,17.0,-31.6225,9.0,2.220089111,3.0,-6.84e-13,13.0,7.2e-24,14.0,*,4.162,58147.0,4498.0,1.3,8.752255781160508e+41,,1.514140250140768e+39
J1737-3137,264.26788,17.0,-31.6225,9.0,2.220089111,3.0,-6.84e-13,13.0,7.2e-24,14.0,*,4.162,58858.8,1.53,0.5,2.9770901167575762e+38,,4.554947878639091e+32
J1737-3137,264.26788,17.0,-31.6225,9.0,2.220089111,3.0,-6.84e-13,13.0,7.2e-24,14.0,*,4.162,59848.0,215.6,1.22,4.195167510934205e+40,,3.706877521956618e+36
J1739-2903,264.892883,9.0,-29.05061,6.0,3.097063736,5.0,-7.55e-14,7.0,6.3e-26,12.0,*,2.911,46965.0,3.3,1.7,1.249608476810818e+39,,1.2128552863163821e+33
J1740-3015,265.14092,5.0,-30.26208,6.0,1.647754226,1.0,-1.27e-12,3.0,*,0.0,*,0.4,46991.0,421.0,3.4,4.512598563911874e+40,,2.7938294050101457e+36
J1740-3015,265.14092,5.0,-30.26208,6.0,1.647754226,1.0,-1.27e-12,3.0,*,0.0,*,0.4,47289.0,31.0,11.0,3.322816044685702e+39,,4.682149881148035e+33
J1740-3015,265.14092,5.0,-30.26208,6.0,1.647754226,1.0,-1.27e-12,3.0,*,0.0,*,0.4,47337.0,7.0,3.0,7.503133004129006e+38,,8.75365517148384e+32
J1740-3015,265.14092,5.0,-30.26208,6.0,1.647754226,1.0,-1.27e-12,3.0,*,0.0,*,0.4,47466.0,26.0,0.0,2.786877972962202e+39,,*
J1740-3015,265.14092,5.0,-30.26208,6.0,1.647754226,1.0,-1.27e-12,3.0,*,0.0,*,0.4,47670.22,600.0,3.0,6.431256860682005e+40,,6.431256860682005e+36
J1740-3015,265.14092,5.0,-30.26208,6.0,1.647754226,1.0,-1.27e-12,3.0,*,0.0,*,0.4,48158.0,10.0,12.0,1.0718761434470009e+39,,4.4661505976958366e+32
J1740-3015,265.14092,5.0,-30.26208,6.0,1.647754226,1.0,-1.27e-12,3.0,*,0.0,*,0.4,48191.69,659.0,57.0,7.063663785315736e+40,,4.083293363616727e+35
J1740-3015,265.14092,5.0,-30.26208,6.0,1.647754226,1.0,-1.27e-12,3.0,*,0.0,*,0.4,48218.0,48.0,8.0,5.1450054885456044e+39,,1.5435016465636815e+34
J1740-3015,265.14092,5.0,-30.26208,6.0,1.647754226,1.0,-1.27e-12,3.0,*,0.0,*,0.4,48431.3,16.0,3.0,1.7150018295152012e+39,,4.573338212040536e+33
J1740-3015,265.14092,5.0,-30.26208,6.0,1.647754226,1.0,-1.27e-12,3.0,*,0.0,*,0.4,49047.5,17.0,2.0,1.822189443859901e+39,,7.744305136404581e+33
J1740-3015,265.14092,5.0,-30.26208,6.0,1.647754226,1.0,-1.27e-12,3.0,*,0.0,*,0.4,49239.07,169.7,1.3,1.81897381542956e+40,,1.1872302172246012e+36
J1740-3015,265.14092,5.0,-30.26208,6.0,1.647754226,1.0,-1.27e-12,3.0,*,0.0,*,0.4,49459.0,10.0,2.0,1.0718761434470009e+39,,2.679690358617502e+33
J1740-3015,265.14092,5.0,-30.26208,6.0,1.647754226,1.0,-1.27e-12,3.0,*,0.0,*,0.4,49542.3,6.0,1.0,6.4312568606820056e+38,,1.9293770582046016e+33
J1740-3015,265.14092,5.0,-30.26208,6.0,1.647754226,1.0,-1.27e-12,3.0,*,0.0,*,0.4,50574.83,442.5,2.4,4.743051934752979e+40,,4.3725010023504027e+36
J1740-3015,265.14092,5.0,-30.26208,6.0,1.647754226,1.0,-1.27e-12,3.0,*,0.0,*,0.4,50939.0,1444.0,1.8,1.547789151137469e+41,,6.208354261784738e+37
J1740-3015,265.14092,5.0,-30.26208,6.0,1.647754226,1.0,-1.27e-12,3.0,*,0.0,*,0.4,51685.0,0.7,0.1,7.503133004129004e+37,,2.6260965514451516e+32
J1740-3015,265.14092,5.0,-30.26208,6.0,1.647754226,1.0,-1.27e-12,3.0,*,0.0,*,0.4,51827.0,0.9,0.1,9.646885291023006e+37,,4.341098380960354e+32
J1740-3015,265.14092,5.0,-30.26208,6.0,1.647754226,1.0,-1.27e-12,3.0,*,0.0,*,0.4,52048.0,2.0,1.0,2.1437522868940015e+38,,2.143752286894001e+32
J1740-3015,265.14092,5.0,-30.26208,6.0,1.647754226,1.0,-1.27e-12,3.0,*,0.0,*,0.4,52245.0,4.0,-1.0,4.287504573788003e+38,,-8.575009147576006e+32
J1740-3015,265.14092,5.0,-30.26208,6.0,1.647754226,1.0,-1.27e-12,3.0,*,0.0,*,0.4,52266.0,16.0,-3.0,1.7150018295152012e+39,,-4.573338212040536e+33
J1740-3015,265.14092,5.0,-30.26208,6.0,1.647754226,1.0,-1.27e-12,3.0,*,0.0,*,0.4,52346.6,158.0,1.0,1.6935643066462613e+40,,1.337915802250546e+36
J1740-3015,265.14092,5.0,-30.26208,6.0,1.647754226,1.0,-1.27e-12,3.0,*,0.0,*,0.4,52576.0,0.9,-0.1,9.646885291023006e+37,,-4.341098380960354e+32
J1740-3015,265.14092,5.0,-30.26208,6.0,1.647754226,1.0,-1.27e-12,3.0,*,0.0,*,0.4,52779.7,1.7,-0.1,1.8221894438599014e+38,,-1.548861027280916e+33
J1740-3015,265.14092,5.0,-30.26208,6.0,1.647754226,1.0,-1.27e-12,3.0,*,0.0,*,0.4,52858.78,18.6,1.4,1.9936896268114215e+39,,1.3243795378104446e+34
J1740-3015,265.14092,5.0,-30.26208,6.0,1.647754226,1.0,-1.27e-12,3.0,*,0.0,*,0.4,52942.5,20.2,1.5,2.1651898097629413e+39,,1.4578944719070474e+34
J1740-3015,265.14092,5.0,-30.26208,6.0,1.647754226,1.0,-1.27e-12,3.0,*,0.0,*,0.4,53023.52,1850.9,2.4,1.9839355539060538e+41,,7.650138159843157e+37
J1740-3015,265.14092,5.0,-30.26208,6.0,1.647754226,1.0,-1.27e-12,3.0,*,0.0,*,0.4,53473.56,0.8,0.2,8.575009147576007e+37,,1.7150018295152014e+32
J1740-3015,265.14092,5.0,-30.26208,6.0,1.647754226,1.0,-1.27e-12,3.0,*,0.0,*,0.4,54450.19,45.9,4.0,4.919911498421734e+39,,2.8227992222194695e+34
J1740-3015,265.14092,5.0,-30.26208,6.0,1.647754226,1.0,-1.27e-12,3.0,*,0.0,*,0.4,54695.19,3.0,1.0,3.2156284303410028e+38,,4.823442645511504e+32
J1740-3015,265.14092,5.0,-30.26208,6.0,1.647754226,1.0,-1.27e-12,3.0,*,0.0,*,0.4,54810.9,5.2,1.0,5.573755945924404e+38,,1.4491765459403448e+33
J1740-3015,265.14092,5.0,-30.26208,6.0,1.647754226,1.0,-1.27e-12,3.0,*,0.0,*,0.4,54928.6,2.3,1.0,2.4653151299281016e+38,,2.835112399417316e+32
J1740-3015,265.14092,5.0,-30.26208,6.0,1.647754226,1.0,-1.27e-12,3.0,*,0.0,*,0.4,55213.0,2663.0,1.2,2.854406169999363e+41,,3.167201512795127e+38
J1740-3015,265.14092,5.0,-30.26208,6.0,1.647754226,1.0,-1.27e-12,3.0,*,0.0,*,0.4,55936.4,18.3,0.4,1.9615333425080115e+39,,4.487007520987076e+34
J1740-3015,265.14092,5.0,-30.26208,6.0,1.647754226,1.0,-1.27e-12,3.0,*,0.0,*,0.4,57346.0,1.94,0.0,2.0794397182871813e+38,,*
J1740-3015,265.14092,5.0,-30.26208,6.0,1.647754226,1.0,-1.27e-12,3.0,*,0.0,*,0.4,57468.599,229.4,1.2,2.45888387306742e+40,,2.3502831686736094e+36
J1740-3015,265.14092,5.0,-30.26208,6.0,1.647754226,1.0,-1.27e-12,3.0,*,0.0,*,0.4,58241.0,837.9,2.0,8.981250205942419e+40,,1.8813473868897885e+37
J1740-3015,265.14092,5.0,-30.26208,6.0,1.647754226,1.0,-1.27e-12,3.0,*,0.0,*,0.4,59934.8,328.3,1.37,3.518969378936504e+40,,4.2163417777549435e+36
J1740+1000,265.10813,3.0,10.00175,6.0,6.489832814,9.0,-9.04e-13,9.0,*,0.0,*,1.227,54747.6,1.2,1.0,1.995299072810525e+39,,1.197179443686315e+33
J1740+1000,265.10813,3.0,10.00175,6.0,6.489832814,9.0,-9.04e-13,9.0,*,0.0,*,1.227,56164.0,2910.9,11.0,4.840096725870132e+42,,6.4041079815160766e+38
J1743-3150,265.90296,4.0,-31.8396,3.0,0.414138298,1.0,-2.07e-14,5.0,0.0,1.0,*,3.332,49572.0,2.2,2.0,1.489612150788471e+37,,8.192866829336591e+30
J1746-2856,266.7077283,3.0,-28.9497194,3.0,1.057949931,4.0,-1.4e-14,4.0,*,0.0,*,8.149,57038.0,24.4,2.1,1.0781515018645812e+39,,6.263546820356138e+33
J1751-3323,267.88635,5.0,-33.3943,3.0,1.824061585,2.0,-2.94e-14,2.0,*,0.0,*,14.283,53004.0,2.3,-1.0,3.0211101988388378e+38,,-3.474276728664663e+32
J1751-3323,267.88635,5.0,-33.3943,3.0,1.824061585,2.0,-2.94e-14,2.0,*,0.0,*,14.283,54435.0,3.0,-1.0,3.9405785202245715e+38,,-5.910867780336859e+32
J1751-3323,267.88635,5.0,-33.3943,3.0,1.824061585,2.0,-2.94e-14,2.0,*,0.0,*,14.283,57019.0,13.0,-5.0,1.7075840254306478e+39,,-2.219859233059842e+33
J1751-3323,267.88635,5.0,-33.3943,3.0,1.824061585,2.0,-2.94e-14,2.0,*,0.0,*,14.283,58438.0,3.4,27.0,4.465988989587848e+38,,2.811918993444201e+31
J1757-2421,269.372182,6.0,-24.3687,4.0,4.271573098,8.0,-2.37e-13,3.0,3.4e-23,4.0,*,3.124,55716.0,7807.0,6.3,5.623667065166207e+42,,3.484441966488299e+39
J1801-0357,270.344283,13.0,-3.96547,6.0,1.085195596,4.0,-3.89e-15,1.0,0.0,8.0,*,5.739,48000.0,3.1,2.0,1.4412438787837802e+38,,1.1169640060574302e+32
J1801-2304,270.332562,3.0,-23.079066,3.0,2.404845728,1.0,-6.53e-13,6.0,1.12e-24,4.0,*,4.0,46907.0,216.3,-0.5,4.938450431104456e+40,,-1.0681868282478938e+37
J1801-2304,270.332562,3.0,-23.079066,3.0,2.404845728,1.0,-6.53e-13,6.0,1.12e-24,4.0,*,4.0,47855.0,230.7,-0.3,5.267223830123891e+40,,-2.0252475626826365e+37
J1801-2304,270.332562,3.0,-23.079066,3.0,2.404845728,1.0,-6.53e-13,6.0,1.12e-24,4.0,*,4.0,48453.95,348.0,0.0,7.94535714296972e+40,,*
J1801-2304,270.332562,3.0,-23.079066,3.0,2.404845728,1.0,-6.53e-13,6.0,1.12e-24,4.0,*,4.0,49701.7,66.0,2.0,1.506878078839085e+40,,2.4863488300844908e+35
J1801-2304,270.332562,3.0,-23.079066,3.0,2.404845728,1.0,-6.53e-13,6.0,1.12e-24,4.0,*,4.0,50055.3,22.0,-2.0,5.0229269294636156e+39,,-2.7626098112049896e+34
J1801-2304,270.332562,3.0,-23.079066,3.0,2.404845728,1.0,-6.53e-13,6.0,1.12e-24,4.0,*,4.0,50363.06,81.0,2.0,1.8493503694843315e+40,,3.744934498205771e+35
J1801-2304,270.332562,3.0,-23.079066,3.0,2.404845728,1.0,-6.53e-13,6.0,1.12e-24,4.0,*,4.0,50939.0,6.0,4.0,1.3698891625809862e+39,,1.02741687193574e+33
J1801-2304,270.332562,3.0,-23.079066,3.0,2.404845728,1.0,-6.53e-13,6.0,1.12e-24,4.0,*,4.0,52093.0,646.7,0.9,1.476512202401873e+41,,5.304780229407173e+37
J1801-2304,270.332562,3.0,-23.079066,3.0,2.404845728,1.0,-6.53e-13,6.0,1.12e-24,4.0,*,4.0,53306.98,497.0,-1.0,1.134724856337917e+41,,-2.819791267999724e+37
J1801-2304,270.332562,3.0,-23.079066,3.0,2.404845728,1.0,-6.53e-13,6.0,1.12e-24,4.0,*,4.0,55360.0,2.9,*,6.6211309524747655e+38,,*
J1801-2304,270.332562,3.0,-23.079066,3.0,2.404845728,1.0,-6.53e-13,6.0,1.12e-24,4.0,*,4.0,55841.0,1.7,*,3.881352627312794e+38,,*
J1801-2304,270.332562,3.0,-23.079066,3.0,2.404845728,1.0,-6.53e-13,6.0,1.12e-24,4.0,*,4.0,56149.024,513.8,1.2,1.1730817528901843e+41,,2.511372519312403e+37
J1801-2304,270.332562,3.0,-23.079066,3.0,2.404845728,1.0,-6.53e-13,6.0,1.12e-24,4.0,*,4.0,57586.2,48.67,0.79,1.11120842571361e+40,,3.422943929081102e+35
J1801-2304,270.332562,3.0,-23.079066,3.0,2.404845728,1.0,-6.53e-13,6.0,1.12e-24,4.0,*,4.0,58846.0,5.0,*,1.1415743021508216e+39,,*
J1801-2304,270.332562,3.0,-23.079066,3.0,2.404845728,1.0,-6.53e-13,6.0,1.12e-24,4.0,*,4.0,58993.5,374.0,*,8.538975780088147e+40,,*
J1801-2451,270.25007,4.0,-24.85764,6.0,8.004853723,5.0,-8.2e-12,3.0,4.01e-22,10.0,*,3.803,49476.0,1987.9,4.6,5.0287618722288625e+42,,1.0865951875873649e+39
J1801-2451,270.25007,4.0,-24.85764,6.0,8.004853723,5.0,-8.2e-12,3.0,4.01e-22,10.0,*,3.803,50651.0,1247.4,4.7,3.155529734603493e+42,,4.187455096749359e+38
J1801-2451,270.25007,4.0,-24.85764,6.0,8.004853723,5.0,-8.2e-12,3.0,4.01e-22,10.0,*,3.803,52055.0,3755.8,6.8,9.500992927067339e+42,,2.6238109731970234e+39
J1801-2451,270.25007,4.0,-24.85764,6.0,8.004853723,5.0,-8.2e-12,3.0,4.01e-22,10.0,*,3.803,53033.25,17.4,1.4,4.401652828451241e+40,,2.7353128291089853e+35
J1801-2451,270.25007,4.0,-24.85764,6.0,8.004853723,5.0,-8.2e-12,3.0,4.01e-22,10.0,*,3.803,54661.0,3101.0,9.3,7.844554839670859e+42,,1.3078475568720074e+39
J1801-2451,270.25007,4.0,-24.85764,6.0,8.004853723,5.0,-8.2e-12,3.0,4.01e-22,10.0,*,3.803,56979.0,2413.0,5.3,6.104131192559105e+42,,1.389553638457087e+39
J1801-2451,270.25007,4.0,-24.85764,6.0,8.004853723,5.0,-8.2e-12,3.0,4.01e-22,10.0,*,3.803,58564.76,2250.9,3.82,5.694069167563735e+42,,1.6775890430980642e+39
J1803-2137,270.96421,5.0,-21.618709,3.0,7.481282565,9.0,-7.52e-12,9.0,2.08e-22,4.0,*,4.4,48245.0,4074.4,9.3,9.002756757461144e+42,,1.972087749064499e+39
J1803-2137,270.96421,5.0,-21.618709,3.0,7.481282565,9.0,-7.52e-12,9.0,2.08e-22,4.0,*,4.4,50264.1,7.1,0.5,1.568809468338261e+40,,1.113854722520165e+35
J1803-2137,270.96421,5.0,-21.618709,3.0,7.481282565,9.0,-7.52e-12,9.0,2.08e-22,4.0,*,4.4,50777.0,3184.0,8.0,7.035337108716936e+42,,1.4000320846346702e+39
J1803-2137,270.96421,5.0,-21.618709,3.0,7.481282565,9.0,-7.52e-12,9.0,2.08e-22,4.0,*,4.4,53429.0,3929.3,10.6,8.682145132312015e+42,,1.6091864560563024e+39
J1803-2137,270.96421,5.0,-21.618709,3.0,7.481282565,9.0,-7.52e-12,9.0,2.08e-22,4.0,*,4.4,55775.0,4793.0,18.6,1.0590568706683502e+43,,1.364532145460592e+39
J1803-2137,270.96421,5.0,-21.618709,3.0,7.481282565,9.0,-7.52e-12,9.0,2.08e-22,4.0,*,4.4,58958.0,4960.6,8.5,1.096089612484335e+43,,3.1983894892292895e+39
J1806-2125,271.5825,12.0,-21.4654,3.0,2.075444041,15.0,-5.08e-13,2.0,1.1e-23,4.0,*,4.886,51708.0,15773.1,37.0,2.6822475045379552e+42,,5.717210555922652e+38
J1809-0119,272.464,5.0,-1.32472,12.0,1.342324398,6.0,-4.13e-15,4.0,*,0.0,*,10.737,55406.0,1.7,0.0,1.2092709666342112e+38,,*
J1809-0119,272.464,5.0,-1.32472,12.0,1.342324398,6.0,-4.13e-15,4.0,*,0.0,*,10.737,55803.0,3.0,0.0,2.1340075881780196e+38,,*
J1809-1917,272.429733,9.0,-19.29392,14.0,12.08382262,8.0,-3.73e-12,19.0,2.7e-23,3.0,*,3.268,53251.0,1625.1,7.8,9.368035119721759e+42,,9.758970431448609e+38
J1809-1943,272.4628623,13.0,-19.7310921,12.0,0.180481215,63.0,-9.21e-14,35.0,4.1e-23,3.0,*,3.6,60099.0,960.0,*,1.2345110503069395e+39,,*
J1809-2004,272.3161,7.0,-20.07,16.0,2.299847776,8.0,-3.85e-14,3.0,*,0.0,*,5.228,54196.0,2.0,7.0,4.176263721074001e+38,,5.966091030105714e+31
J1809-2004,272.3161,7.0,-20.07,16.0,2.299847776,8.0,-3.85e-14,3.0,*,0.0,*,5.228,56227.5,48.67,0.79,1.016293776523358e+40,,3.1305707660374586e+35
J1812-1718,273.03004,4.0,-17.3082,3.0,0.829617723,6.0,-1.31e-14,1.0,5.8e-26,6.0,*,3.661,49932.0,1.5,6.0,4.0757453174566436e+37,,5.094681646820806e+30
J1812-1718,273.03004,4.0,-17.3082,3.0,0.829617723,6.0,-1.31e-14,1.0,5.8e-26,6.0,*,3.661,53106.2,14.8,7.0,4.021402046557222e+38,,4.2511964492176346e+32
J1812-1718,273.03004,4.0,-17.3082,3.0,0.829617723,6.0,-1.31e-14,1.0,5.8e-26,6.0,*,3.661,54365.8,1.4,1.0,3.804028962959534e+37,,2.662820274071673e+31
J1813-1246,273.34904,5.0,-12.7664,5.0,20.80202336,3.0,-7.6e-12,9.0,*,0.0,*,2.635,55094.0,1166.0,6.4,1.991908783243116e+43,,1.8145044072355263e+39
J1814-1744,273.6796,3.0,-17.747,3.0,0.251515052,1.0,-4.71e-14,2.0,*,0.0,*,5.118,51371.0,8.0,-3.0,1.9979181168942964e+37,,-2.663890822525728e+31
J1814-1744,273.6796,3.0,-17.747,3.0,0.251515052,1.0,-4.71e-14,2.0,*,0.0,*,5.118,51678.0,10.0,5.0,2.4973976461178705e+37,,2.49739764611787e+31
J1814-1744,273.6796,3.0,-17.747,3.0,0.251515052,1.0,-4.71e-14,2.0,*,0.0,*,5.118,52075.0,34.0,-5.0,8.491151996800759e+37,,-2.886991678912258e+32
J1814-1744,273.6796,3.0,-17.747,3.0,0.251515052,1.0,-4.71e-14,2.0,*,0.0,*,5.118,53241.0,3.0,0.7,7.492192938353611e+36,,1.6054699153614884e+31
J1814-1744,273.6796,3.0,-17.747,3.0,0.251515052,1.0,-4.71e-14,2.0,*,0.0,*,5.118,53756.4,11.0,8.0,2.7471374107296575e+37,,1.8886569698766396e+31
J1814-1744,273.6796,3.0,-17.747,3.0,0.251515052,1.0,-4.71e-14,2.0,*,0.0,*,5.118,54768.4,17.0,2.0,4.2455759984003793e+37,,1.8043697993201615e+32
J1814-1744,273.6796,3.0,-17.747,3.0,0.251515052,1.0,-4.71e-14,2.0,*,0.0,*,5.118,55626.0,16.0,0.3,3.9958362337885927e+37,,1.0655563290102915e+33
J1818-1422,274.599025,8.0,-14.37686,5.0,3.43065577,4.0,-2.4e-14,2.0,-4.46e-25,3.0,*,5.44,52057.0,0.54,-0.7,2.5090411454494058e+38,,-9.677730132447707e+31
J1819-1458,274.89239,8.0,-14.96766,8.0,0.234564843,4.0,-3.1e-14,4.0,-1.24e-24,2.0,*,3.301,53925.79,725.0,78.0,1.5747933889217736e+39,,7.318751326719783e+33
J1819-1458,274.89239,8.0,-14.96766,8.0,0.234564843,4.0,-3.1e-14,4.0,-1.24e-24,2.0,*,3.301,54176.5,72.0,36.0,1.5639327448602443e+38,,1.5639327448602446e+32
J1821-1419,275.3929,17.0,-14.324,9.0,0.603861245,3.0,-3.26e-13,9.0,*,0.0,*,6.129,53074.0,225.0,*,3.239041936680665e+39,,*
J1821-1419,275.3929,17.0,-14.324,9.0,0.603861245,3.0,-3.26e-13,9.0,*,0.0,*,6.129,57372.0,109.0,*,1.569135871547522e+39,,*
J1821-1419,275.3929,17.0,-14.324,9.0,0.603861245,3.0,-3.26e-13,9.0,*,0.0,*,6.129,58860.0,222.4,0.92,3.2016130076345774e+39,,3.86977572227136e+35
J1821-1419,275.3929,17.0,-14.324,9.0,0.603861245,3.0,-3.26e-13,9.0,*,0.0,*,6.129,59586.0,34.0,1.0,4.894552259873005e+38,,8.320738841784108e+33
J1824-1118,276.12308,4.0,-11.31184,14.0,2.294846288,9.0,-1.87e-14,7.0,4e-27,132.0,*,6.003,54306.0,2877.0,-10.0,5.9814544659893895e+41,,-8.604322249325737e+37
J1825-0935,276.377475,9.0,-9.58922,6.0,1.30035461,1.0,-8.85e-14,3.0,2.86e-24,6.0,*,0.3,49942.1,2.8,-2.0,1.8691380193931043e+38,,-1.308396613575173e+32
J1825-0935,276.377475,9.0,-9.58922,6.0,1.30035461,1.0,-8.85e-14,3.0,2.86e-24,6.0,*,0.3,50314.0,1.3,0.0,8.678140804325129e+37,,*
J1825-0935,276.377475,9.0,-9.58922,6.0,1.30035461,1.0,-8.85e-14,3.0,2.86e-24,6.0,*,0.3,52056.0,29.8,3.4,1.9892968920683758e+39,,8.71780108582906e+33
J1825-0935,276.377475,9.0,-9.58922,6.0,1.30035461,1.0,-8.85e-14,3.0,2.86e-24,6.0,*,0.3,52810.0,1.3,-2.0,8.678140804325129e+37,,-2.8203957614056675e+31
J1825-0935,276.377475,9.0,-9.58922,6.0,1.30035461,1.0,-8.85e-14,3.0,2.86e-24,6.0,*,0.3,53734.6,4.0,-6.0,2.6701971705615777e+38,,-8.900657235205259e+31
J1825-0935,276.377475,9.0,-9.58922,6.0,1.30035461,1.0,-8.85e-14,3.0,2.86e-24,6.0,*,0.3,54114.96,121.0,-4.0,8.077346440948773e+39,,-1.221698649193502e+35
J1825-0935,276.377475,9.0,-9.58922,6.0,1.30035461,1.0,-8.85e-14,3.0,2.86e-24,6.0,*,0.3,58486.2,3.8,*,2.536687312033499e+38,,*
J1826-1334,276.554896,13.0,-13.57967,3.0,9.853498751,2.0,-7.31e-12,9.0,2.81e-22,9.0,*,3.606,46507.0,2746.0,1.7,1.0525462816916246e+43,,8.500859086838825e+39
J1826-1334,276.554896,13.0,-13.57967,3.0,9.853498751,2.0,-7.31e-12,9.0,2.81e-22,9.0,*,3.606,49120.0,2984.6,7.6,1.1440020511059077e+43,,2.246308237980719e+39
J1826-1334,276.554896,13.0,-13.57967,3.0,9.853498751,2.0,-7.31e-12,9.0,2.81e-22,9.0,*,3.606,53206.0,0.6,-1.0,2.2998097924798787e+39,,-6.899429377439637e+32
J1826-1334,276.554896,13.0,-13.57967,3.0,9.853498751,2.0,-7.31e-12,9.0,2.81e-22,9.0,*,3.606,53259.0,3.0,-1.0,1.1499048962399394e+40,,-1.7248573443599095e+34
J1826-1334,276.554896,13.0,-13.57967,3.0,9.853498751,2.0,-7.31e-12,9.0,2.81e-22,9.0,*,3.606,53737.0,3581.0,9.6,1.372603144478408e+43,,2.5600478439464478e+39
J1826-1334,276.554896,13.0,-13.57967,3.0,9.853498751,2.0,-7.31e-12,9.0,2.81e-22,9.0,*,3.606,56556.0,2599.7,10.1,9.964692529183233e+42,,1.2824361964414678e+39
J1826-1334,276.554896,13.0,-13.57967,3.0,9.853498751,2.0,-7.31e-12,9.0,2.81e-22,9.0,*,3.606,58879.0,2481.5,5.9,9.5116300000647e+42,,2.000263546200047e+39
J1827-0958,276.77283,6.0,-9.97864,20.0,4.069058132,3.0,-1.66e-14,17.0,-5.7e-26,4.0,*,5.034,48764.0,0.4,*,2.61461360578528e+38,,*
J1830-1059,277.698,5.0,-10.9907,3.0,2.468690007,5.0,-3.65e-13,10.0,1.67e-24,19.0,*,3.147,55040.9,6.3,*,1.515770338597777e+39,,*
J1830-1135,277.5072,3.0,-11.5922,17.0,0.160731582,4.0,-1.23e-15,13.0,7e-26,300.0,*,3.757,52367.0,2.1,1.0,2.1418126042103532e+36,,2.248903234420871e+30
J1832+0029,278.2113,13.0,0.491,5.0,1.872947718,1.0,-5.45e-15,1.0,*,0.0,*,1.12,53498.0,66.0,53.0,9.140184899739333e+39,,5.691058522479208e+33
J1833-0827,278.417783,13.0,-8.4588,5.0,11.72495808,4.0,-1.26e-12,8.0,-1.98e-24,13.0,*,4.5,47541.3,0.9,-0.1,4.884553193406686e+39,,-2.1980489370330094e+34
J1833-0827,278.417783,13.0,-8.4588,5.0,11.72495808,4.0,-1.26e-12,8.0,-1.98e-24,13.0,*,4.5,48051.0,1865.6,1.742,1.0125136041799459e+43,,5.42177204350777e+39
J1833-0827,278.417783,13.0,-8.4588,5.0,11.72495808,4.0,-1.26e-12,8.0,-1.98e-24,13.0,*,4.5,54779.0,0.5,0.15,2.7136406630037146e+39,,4.522734438339525e+33
J1833-1034,278.38988,9.0,-10.56875,9.0,16.15935711,3.0,-5.28e-11,1.0,3.2e-22,1.0,*,4.1,54169.0,3.1,1.4,3.195726381183425e+40,,3.5381256363102216e+34
J1833-1034,278.38988,9.0,-10.56875,9.0,16.15935711,3.0,-5.28e-11,1.0,3.2e-22,1.0,*,4.1,54423.0,1.1,4.0,1.1339674255812152e+40,,1.5592052101741713e+33
J1833-1034,278.38988,9.0,-10.56875,9.0,16.15935711,3.0,-5.28e-11,1.0,3.2e-22,1.0,*,4.1,54750.0,3.6,-7.7,3.7111661200839775e+40,,-8.675453267728778e+33
J1833-1034,278.38988,9.0,-10.56875,9.0,16.15935711,3.0,-5.28e-11,1.0,3.2e-22,1.0,*,4.1,55142.0,7.5,-9.9,7.731596083508286e+40,,-2.9286348801167747e+34
J1834-0731,278.56654,9.0,-7.518314,20.0,1.949335711,6.0,-2.21e-13,7.0,*,0.0,*,4.072,53479.0,4.4,0.6,6.6006345924308965e+38,,2.4202326838913292e+33
J1835-1020,278.98991,5.0,-10.334583,17.0,3.306336172,16.0,-6.47e-14,2.0,*,0.0,*,2.909,57589.5,3.26,0.2,1.4069263178772012e+39,,1.1466449490699185e+34
J1835-1106,278.8267,3.0,-11.1045,3.0,6.027086879,10.0,-7.48e-13,16.0,*,0.0,*,3.159,52225.8,15.6,2.5,2.237171296592021e+40,,6.979974445367106e+34
J1835-1106,278.8267,3.0,-11.1045,3.0,6.027086879,10.0,-7.48e-13,16.0,*,0.0,*,3.159,58488.0,9.3,4.0,1.3336982729683202e+40,,1.5504242423256722e+34
J1836-1008,279.224691,17.0,-10.13565,7.0,1.777111997,7.0,-3.73e-14,5.0,-1.95e-25,7.0,*,5.343,55744.0,3.6,*,4.4884029068219674e+38,,*
J1837-0559,279.34855,3.0,-5.99128,6.0,4.973547631,2.0,-8.19e-14,4.0,*,0.0,*,4.315,53150.0,3.2,13.0,3.124944280179786e+39,,3.846085267913582e+32
J1837-0559,279.34855,3.0,-5.99128,6.0,4.973547631,2.0,-8.19e-14,4.0,*,0.0,*,4.315,56258.0,0.2,*,1.9530901751123662e+38,,*
J1837-0559,279.34855,3.0,-5.99128,6.0,4.973547631,2.0,-8.19e-14,4.0,*,0.0,*,4.315,58022.0,3.4,*,3.3202532976910223e+39,,*
J1837-0604,279.43146,5.0,-6.0803,3.0,10.38484062,4.0,-4.87e-12,9.0,*,0.0,*,4.779,55821.0,1398.0,6.9,5.952050117642646e+42,,6.029685553959723e+38
J1837-0604,279.43146,5.0,-6.0803,3.0,10.38484062,4.0,-4.87e-12,9.0,*,0.0,*,4.779,56511.0,16.7,*,7.110102787169683e+40,,*
J1837-0604,279.43146,5.0,-6.0803,3.0,10.38484062,4.0,-4.87e-12,9.0,*,0.0,*,4.779,58233.7,70.0,*,2.9802826054004666e+41,,*
J1838-0453,279.548,5.0,-4.89037,17.0,2.625598021,5.0,-8.02e-13,3.0,*,0.0,*,6.629,52162.0,9902.0,7.0,2.694878139319929e+42,,1.9060488096818528e+39
J1838-0453,279.548,5.0,-4.89037,17.0,2.625598021,5.0,-8.02e-13,3.0,*,0.0,*,6.629,54140.0,9.0,-0.1,2.4493943904139932e+39,,-1.1022274756862973e+35
J1838-0453,279.548,5.0,-4.89037,17.0,2.625598021,5.0,-8.02e-13,3.0,*,0.0,*,6.629,58692.0,71.0,-6.0,1.932300019104372e+40,,-1.1432775113034202e+35
J1838-0655,279.51304,9.0,-6.92594,9.0,14.18475048,11.0,-9.91e-12,6.0,*,0.0,*,6.6,55010.0,1550.0,*,1.2312176599897746e+43,,*
J1839-0223,279.9918,13.0,-2.386,5.0,0.789396744,4.0,-2.97e-15,4.0,*,0.0,*,6.088,56994.0,3.17,3.5,7.798474572073222e+37,,3.5315949133531596e+31
J1841-0157,280.4842,9.0,-1.9652,3.0,1.507565496,20.0,-4.11e-14,11.0,*,0.0,*,7.93,56923.6,33.3,*,2.987833197869406e+39,,*
J1841-0345,280.4112,3.0,-3.8118,5.0,4.900324579,4.0,-1.39e-12,5.0,*,0.0,*,3.776,56863.0,3879.0,2.7,3.6773012580859045e+42,,2.641528070391708e+39
J1841-0425,280.273596,5.0,-4.422083,20.0,5.372044776,1.0,-1.84e-13,5.0,-1.56e-24,4.0,*,4.399,53388.0,578.6,7.7,6.592003264209638e+41,,2.4767097978387647e+37
J1841-0456,280.3306,13.0,-4.93643,9.0,0.084824992,7.0,-2.94e-13,11.0,-3.9e-22,7.0,*,9.6,52464.0,15170.0,96.0,4.3091634964642037e+39,,3.4046880334042696e+35
J1841-0456,280.3306,13.0,-4.93643,9.0,0.084824992,7.0,-2.94e-13,11.0,-3.9e-22,7.0,*,9.6,52997.05,2450.0,-1.0,6.95942687299756e+38,,-8.525297919422013e+35
J1841-0456,280.3306,13.0,-4.93643,9.0,0.084824992,7.0,-2.94e-13,11.0,-3.9e-22,7.0,*,9.6,53823.97,1390.0,-7.0,3.948409532027187e+38,,-3.9202066067984217e+34
J1841-0524,280.4555,3.0,-5.4082,4.0,2.243415363,14.0,-1.18e-12,5.0,*,0.0,*,4.125,53562.0,29.0,1.0,5.762051211427029e+39,,8.35497425656919e+34
J1841-0524,280.4555,3.0,-5.4082,4.0,2.243415363,14.0,-1.18e-12,5.0,*,0.0,*,4.125,54012.9,25.0,2.0,4.967285527092267e+39,,3.1045534544326674e+34
J1841-0524,280.4555,3.0,-5.4082,4.0,2.243415363,14.0,-1.18e-12,5.0,*,0.0,*,4.125,54503.0,1032.0,0.7,2.0504954655836875e+41,,1.5115080860588329e+38
J1841-0524,280.4555,3.0,-5.4082,4.0,2.243415363,14.0,-1.18e-12,5.0,*,0.0,*,4.125,55525.0,804.9,0.8,1.5992672483026263e+41,,8.045313800992397e+37
J1841-0524,280.4555,3.0,-5.4082,4.0,2.243415363,14.0,-1.18e-12,5.0,*,0.0,*,4.125,56564.6,21.6,*,4.291734695407719e+39,,*
J1841-0524,280.4555,3.0,-5.4082,4.0,2.243415363,14.0,-1.18e-12,5.0,*,0.0,*,4.125,58724.0,553.0,28.4,1.0987635585928095e+41,,1.0697469153201122e+36
J1841-0524,280.4555,3.0,-5.4082,4.0,2.243415363,14.0,-1.18e-12,5.0,*,0.0,*,4.125,59501.0,269.78,0.28,5.360297157995807e+40,,2.5823231558644794e+37
J1842+0257,280.62887,17.0,2.9663,4.0,0.323807374,13.0,-3.1e-15,12.0,*,0.0,*,4.99,57112.0,12060.9,1.0,4.992440786979539e+40,,3.0106664543840748e+38
J1844-0310,281.1895,3.0,-3.177,6.0,1.904583626,14.0,-3.71e-14,14.0,*,0.0,*,5.973,54410.0,1.8,-0.5,2.577699779827997e+38,,-4.6398596036903964e+32
J1844-0433,281.139385,20.0,-4.55345,7.0,1.009054634,3.0,-3.99e-15,16.0,-1.5e-27,4.0,*,3.074,49358.0,0.22,-0.03,8.843247499280551e+36,,-3.2425240830695355e+31
J1844-0538,281.02133,9.0,-5.6428,4.0,3.910768992,11.0,-1.48e-13,17.0,-1.33e-25,15.0,*,5.404,47452.0,1.0,0.9,6.03787423675455e+38,,3.354374575974749e+32
J1844+00,281.05,7.0,0.58,9.0,2.171539,15.0,*,0.0,*,0.0,*,6.86,51435.0,0.3,1.0,5.584911023345638e+37,,8.377366535018456e+30
J1844+00,281.05,7.0,0.58,9.0,2.171539,15.0,*,0.0,*,0.0,*,6.86,51722.5,5.2,4.0,9.680512440465772e+38,,6.292333086302754e+32
J1844+00,281.05,7.0,0.58,9.0,2.171539,15.0,*,0.0,*,0.0,*,6.86,56784.0,249.55,4.1,4.645715152919681e+40,,1.4138270931842761e+36
J1845-0316,281.4704,5.0,-3.268,4.0,4.816127011,3.0,-2.06e-13,14.0,*,0.0,*,5.063,52128.0,30.0,-2.0,2.747115091110116e+40,,-2.0603363183325875e+35
J1845-0316,281.4704,5.0,-3.268,4.0,4.816127011,3.0,-2.06e-13,14.0,*,0.0,*,5.063,54170.0,72.0,3.0,6.593076218664278e+40,,7.911691462397136e+35
J1845-0316,281.4704,5.0,-3.268,4.0,4.816127011,3.0,-2.06e-13,14.0,*,0.0,*,5.063,58617.0,818.84,0.67,7.498159070682023e+41,,4.581934756296469e+38
J1845-0743,281.4882637,17.0,-7.727381,6.0,9.55158625,12.0,-3.35e-14,2.0,*,0.0,*,7.113,57939.0,0.04,-0.11,1.4406906293276546e+38,,-2.6194375078684628e+31
J1846-0258,281.60392,5.0,-2.97503,6.0,3.06211855,4.0,-6.66e-11,2.0,2.73e-21,3.0,*,5.8,52210.0,2.5,0.93,9.25430366798048e+38,,1.2438580198898495e+33
J1846-0258,281.60392,5.0,-2.97503,6.0,3.06211855,4.0,-6.66e-11,2.0,2.73e-21,3.0,*,5.8,53883.0,6200.0,4.46,2.295067309659159e+42,,1.5952261569379808e+39
J1847-0130,281.8967,4.0,-1.5128,9.0,0.149096941,19.0,-2.83e-14,6.0,*,0.0,*,5.801,53426.0,15.0,-3.0,1.3164017838971574e+37,,-3.2910044597428935e+31
J1847-0130,281.8967,4.0,-1.5128,9.0,0.149096941,19.0,-2.83e-14,6.0,*,0.0,*,5.801,54784.45,80.0,6.0,7.020809514118172e+37,,4.6805396760787815e+32
J1847-0130,281.8967,4.0,-1.5128,9.0,0.149096941,19.0,-2.83e-14,6.0,*,0.0,*,5.801,58857.79,567.0,1.2,4.9759987431312545e+38,,1.175579703064759e+35
J1847-0402,281.845175,9.0,-4.03733,3.0,1.672775772,7.0,-1.45e-13,5.0,7.97e-26,5.0,*,3.419,55502.0,0.52,0.04,5.744318868201213e+37,,3.733807264330789e+32
J1847-0402,281.845175,9.0,-4.03733,3.0,1.672775772,7.0,-1.45e-13,5.0,7.97e-26,5.0,*,3.419,56041.0,0.102,0.0,1.126770239531776e+37,,*
J1847-0402,281.845175,9.0,-4.03733,3.0,1.672775772,7.0,-1.45e-13,5.0,7.97e-26,5.0,*,3.419,58244.0,0.16,0.01,1.767482728677296e+37,,1.4139861829418368e+32
J1849-0317,282.49104,13.0,-3.2919,9.0,1.49609259,8.0,-4.93e-14,4.0,*,0.0,*,1.212,58306.0,33.0,*,2.916020819886336e+39,,*
J1850-0026,282.561308,17.0,-0.43656,6.0,6.001178959,8.0,-1.41e-12,8.0,*,0.0,*,6.71,56239.2,14.3,0.9,2.033147702097734e+40,,1.615222896666533e+35
J1850-0026,282.561308,17.0,-0.43656,6.0,6.001178959,8.0,-1.41e-12,8.0,*,0.0,*,6.71,56425.0,91.9,0.8,1.306617299460012e+41,,7.504883113773444e+36
J1850-0026,282.561308,17.0,-0.43656,6.0,6.001178959,8.0,-1.41e-12,8.0,*,0.0,*,6.71,57495.3,7.0,0.7,9.952471269009886e+39,,4.976235634504942e+34
J1850-0026,282.561308,17.0,-0.43656,6.0,6.001178959,8.0,-1.41e-12,8.0,*,0.0,*,6.71,57708.0,1196.7,0.8,1.701446052517733e+42,,1.2725753069049816e+39
J1851-0029,282.97955,5.0,-0.49947,14.0,1.927816999,4.0,-1.76e-14,5.0,*,0.0,*,5.453,54493.0,0.9,-3.0,1.3204861701091966e+38,,-1.9807292551637953e+31
J1852-0635,283.23937,3.0,-6.600125,6.0,1.907826181,5.0,-5.32e-14,1.0,*,0.0,*,4.577,56086.0,1144.1,5.5,1.6439981742801337e+41,3.6167959834162945e+38,1.7099075556308193e+37
J1853+0056,283.3861,7.0,0.9497,12.0,3.628741964,7.0,-2.82e-13,4.0,*,0.0,*,3.841,54970.0,5.4,0.4,2.807150329155002e+39,,1.894826472179626e+34
J1853+0545,283.493379,5.0,5.76535,9.0,7.911371547,1.0,-3.83e-14,1.0,-1.9e-25,5.0,*,6.519,53450.0,1.49,1.6,3.681709916207733e+39,,1.7142961797342258e+33
J1856+0113,284.04438,17.0,1.2226,4.0,3.739161901,9.0,-2.91e-12,8.0,2.76e-23,3.0,*,3.3,54123.0,11569.0,22.0,6.385635101205283e+42,,1.6789866474055438e+39
J1856+0113,284.04438,17.0,1.2226,4.0,3.739161901,9.0,-2.91e-12,8.0,2.76e-23,3.0,*,3.3,57325.0,3489.0,2.8,1.9257914139601724e+42,,1.1998368291619716e+39
J1856+0245,284.2121,13.0,2.763,3.0,12.35991748,7.0,-9.49e-12,7.0,*,0.0,*,6.318,56388.0,2672.5,8.4,1.6117905050995297e+43,,2.5639941219514835e+39
J1901+0156,285.392869,9.0,1.94395,3.0,3.469581975,12.0,-2.84e-14,13.0,-1.6e-26,4.0,*,3.229,51318.0,42.4,0.8,2.015022496565091e+40,,5.33980961589749e+35
J1901+0156,285.392869,9.0,1.94395,3.0,3.469581975,12.0,-2.84e-14,13.0,-1.6e-26,4.0,*,3.229,58149.0,1053.02,2.1,5.0043844088041794e+41,,1.2546944928949942e+38
J1901+0716,285.41224,6.0,7.27633,11.0,1.552798254,8.0,-5.51e-15,7.0,3.56e-25,14.0,*,3.4,46860.95,28.0,119.9,2.6653106592924454e+39,,3.1121225379561495e+32
J1902+0615,285.709488,13.0,6.275947,20.0,1.48476896,4.0,-1.7e-14,1.0,0.0,2.0,*,7.0,48653.7,0.4,0.1,3.4812682368361904e+37,,6.962536473672383e+31
J1902+0615,285.709488,13.0,6.275947,20.0,1.48476896,4.0,-1.7e-14,1.0,0.0,2.0,*,7.0,49447.0,0.3,-0.1,2.6109511776271426e+37,,-3.916426766440714e+31
J1902+0615,285.709488,13.0,6.275947,20.0,1.48476896,4.0,-1.7e-14,1.0,0.0,2.0,*,7.0,50316.0,0.3,0.5,2.6109511776271426e+37,,7.832853532881426e+30
J1902+0615,285.709488,13.0,6.275947,20.0,1.48476896,4.0,-1.7e-14,1.0,0.0,2.0,*,7.0,51136.0,0.4,-0.4,3.4812682368361904e+37,,-1.7406341184180958e+31
J1902+0615,285.709488,13.0,6.275947,20.0,1.48476896,4.0,-1.7e-14,1.0,0.0,2.0,*,7.0,54239.0,0.26,-0.7,2.262824353943524e+37,,-4.202388085895116e+30
J1902+0615,285.709488,13.0,6.275947,20.0,1.48476896,4.0,-1.7e-14,1.0,0.0,2.0,*,7.0,55436.0,0.19,*,1.6536024124971906e+37,,*
J1907+0602,286.97808,5.0,6.03803,9.0,9.377982234,4.0,-7.64e-12,2.0,1.88e-22,7.0,*,2.37,55422.0,4660.0,*,1.617947646909378e+43,,*
J1907+0602,286.97808,5.0,6.03803,9.0,9.377982234,4.0,-7.64e-12,2.0,1.88e-22,7.0,*,2.37,55866.0,1.49,-0.26,5.173266081319684e+39,,-1.482339704070448e+34
J1907+0631,286.7659,8.0,6.52192,17.0,3.089776314,19.0,-4.32e-12,12.0,*,0.0,*,3.4,56987.0,2106.0,5.0,7.937288804347741e+41,,1.6715930221956343e+38
J1907+0631,286.7659,8.0,6.52192,17.0,3.089776314,19.0,-4.32e-12,12.0,*,0.0,*,3.4,57901.0,4986.0,4.7,1.8791700844481403e+42,,9.967597916019602e+38
J1909+0007,287.396907,9.0,0.13271,3.0,0.983334098,3.0,-5.34e-15,18.0,1.7e-28,300.0,*,4.358,49530.0,0.4,3.0,1.52693983789653e+37,,1.0179598919310204e+30
J1909+0007,287.396907,9.0,0.13271,3.0,0.983334098,3.0,-5.34e-15,18.0,1.7e-28,300.0,*,4.358,51224.0,0.2,2.0,7.63469918948265e+36,,3.817349594741327e+29
J1909+0007,287.396907,9.0,0.13271,3.0,0.983334098,3.0,-5.34e-15,18.0,1.7e-28,300.0,*,4.358,53546.0,0.5,3.0,1.9086747973706626e+37,,1.5905623311422186e+30
J1909+0749,287.2842,9.0,7.8256,14.0,4.216539666,17.0,-2.7e-12,17.0,*,0.0,*,8.286,57491.0,2904.2,3.7,2.0384433107295067e+42,,8.000063598676532e+38
J1909+0912,287.333,3.0,9.2149,5.0,4.485325227,3.0,-7.2e-13,9.0,*,0.0,*,7.608,54977.0,4.4,0.09,3.4946226778048334e+39,,8.542410990189595e+34
J1909+0912,287.333,3.0,9.2149,5.0,4.485325227,3.0,-7.2e-13,9.0,*,0.0,*,7.608,57552.0,7389.8,4.58,5.869218787373218e+42,,4.734973034381071e+39
J1909+1102,287.452845,4.0,11.0341789,9.0,3.525569576,9.0,-3.28e-14,4.0,1e-24,1.0,*,4.8,52700.0,0.3,1.0,1.4721076546945911e+38,,2.2081614820418865e+31
J1910-0309,287.623717,9.0,-3.16503,3.0,1.981743955,4.0,-8.61e-15,1.0,-2.2e-25,4.0,*,14.441,48252.0,0.5,0.0,7.752197441834834e+37,,*
J1910-0309,287.623717,9.0,-3.16503,3.0,1.981743955,4.0,-8.61e-15,1.0,-2.2e-25,4.0,*,14.441,49228.2,2.5,2.0,3.8760987209174165e+38,,2.422561700573386e+32
J1910-0309,287.623717,9.0,-3.16503,3.0,1.981743955,4.0,-8.61e-15,1.0,-2.2e-25,4.0,*,14.441,53231.14,2.7,3.0,4.186186618590811e+38,,1.8837839783658644e+32
J1910+0358,287.53777,12.0,3.9745,3.0,0.429136143,12.0,-8.23e-16,9.0,1.4e-26,3.0,*,2.859,52321.0,1.3,9.0,9.451337593634437e+36,,6.825966039847092e+29
J1913+0446,288.46175,17.0,4.7683,6.0,0.618762154,7.0,-1.07e-13,7.0,*,0.0,*,4.338,53500.0,6.5,1.4,9.824728971712426e+37,,2.2807406541475278e+32
J1913+0446,288.46175,17.0,4.7683,6.0,0.618762154,7.0,-1.07e-13,7.0,*,0.0,*,4.338,56553.0,0.8,0.2,1.2091974119030681e+37,,2.4183948238061366e+31
J1913+0832,288.25208,9.0,8.53475,14.0,7.43997778,6.0,-2.53e-13,4.0,-2.7e-24,25.0,*,8.204,54653.908,38.0,6.0,8.303986038564324e+40,,2.629595578878703e+35
J1913+0904,288.33775,4.0,9.07928,12.0,6.125732406,4.0,-6.61e-13,3.0,-2.3e-23,8.0,*,2.997,56132.8,3.2,*,4.740517538982386e+39,,*
J1913+1000,288.265,3.0,10.0007,4.0,1.19453163,6.0,-2.39e-14,8.0,*,0.0,*,7.671,56600.0,491.0,*,2.765900397187382e+40,,*
J1913+1011,288.334754,13.0,10.189714,20.0,27.84847205,11.0,-2.61e-12,4.0,*,0.0,*,4.613,54431.0,0.2,0.1,6.123397833623946e+39,,6.123397833623947e+33
J1915+1009,288.874962,13.0,10.162047,17.0,2.471871539,9.0,-9.32e-14,8.0,1.32e-26,18.0,*,7.0,54154.0,2.7,0.4,6.5129132729419315e+38,,2.1981082296179014e+33
J1915+1606,288.8666643,13.0,16.10760744,14.0,16.94053779,3.0,-2.47e-15,1.0,*,0.0,DDH,4.167,52770.0,0.037,*,4.191947618857672e+38,,*
J1919+0021,289.9611312,5.0,0.3610339,6.0,0.78600263,13.0,-4.74e-15,10.0,1.66e-26,19.0,*,5.882,50176.6,1.9,10.0,4.634056623107403e+37,,4.402353791952033e+30
J1921+0812,290.44877,3.0,8.21441,3.0,4.747246799,3.0,-1.21e-13,13.0,*,0.0,*,2.896,55367.0,3632.9,3.0,3.232189394456265e+42,,1.957036808520028e+39
J1926+0431,291.601967,9.0,4.52543,3.0,0.93102928,2.0,-2.13e-15,5.0,0.0,2.0,*,4.995,51495.0,0.08,-0.2,2.73764040744621e+36,,-5.4752808148924196e+29
J1931+1817,292.969746,17.0,18.28355,3.0,4.271105151,4.0,-1.96e-12,10.0,*,0.0,*,9.573,58392.0,8.4,0.5,6.049500957764919e+39,,5.081580804522532e+34
J1931+1817,292.969746,17.0,18.28355,3.0,4.271105151,4.0,-1.96e-12,10.0,*,0.0,*,9.573,59018.0,29.23,*,2.105082297565102e+40,,*
J1932+2220,293.09476,12.0,22.34764,14.0,6.92186354,10.0,-2.76e-12,10.0,4.39e-23,8.0,*,10.9,45989.0,629.0,*,1.189752013846826e+42,,*
J1932+2220,293.09476,12.0,22.34764,14.0,6.92186354,10.0,-2.76e-12,10.0,4.39e-23,8.0,*,10.9,46906.0,4427.0,*,8.373660040222413e+42,,*
J1932+2220,293.09476,12.0,22.34764,14.0,6.92186354,10.0,-2.76e-12,10.0,4.39e-23,8.0,*,10.9,50253.0,4472.0,12.2,8.45877743389985e+42,,1.550313634606563e+39
J1937+2544,294.2552267,5.0,25.7370656,3.0,4.975614453,4.0,-1.59e-14,3.0,2.3e-28,57.0,*,3.125,52032.0,0.03,0.1,2.9320706641912197e+37,,4.3981059962868294e+30
J1949-2524,297.35589,13.0,-25.4003,6.0,1.044259225,4.0,-3.57e-15,17.0,2.1e-28,23.0,*,1.046,50056.0,0.09,0.05,3.874528744402639e+36,,3.487075869962375e+30
J1952+3252,298.242525,5.0,32.877919,3.0,25.29647926,7.0,-3.74e-12,5.0,1.46e-23,11.0,*,3.0,51967.0,2.3,-0.2,5.810422783784782e+40,,-3.3409931006762494e+35
J1952+3252,298.242525,5.0,32.877919,3.0,25.29647926,7.0,-3.74e-12,5.0,1.46e-23,11.0,*,3.0,52385.0,0.7,0.0,1.7683895428910206e+40,,*
J1952+3252,298.242525,5.0,32.877919,3.0,25.29647926,7.0,-3.74e-12,5.0,1.46e-23,11.0,*,3.0,52912.0,1.3,0.3,3.2841520082261815e+40,,7.115662684490061e+34
J1952+3252,298.242525,5.0,32.877919,3.0,25.29647926,7.0,-3.74e-12,5.0,1.46e-23,11.0,*,3.0,53305.0,0.5,0.1,1.2631353877793006e+40,,3.1578384694482515e+34
J1952+3252,298.242525,5.0,32.877919,3.0,25.29647926,7.0,-3.74e-12,5.0,1.46e-23,11.0,*,3.0,54103.44,5.2,0.0,1.3136608032904726e+41,,*
J1952+3252,298.242525,5.0,32.877919,3.0,25.29647926,7.0,-3.74e-12,5.0,1.46e-23,11.0,*,3.0,55328.0,1489.9,5.4,3.76389082850476e+43,,5.1924268012863354e+39
J1955+5059,298.828182,6.0,50.998692,4.0,1.927012522,18.0,-5.1e-15,13.0,-9.82e-27,18.0,*,2.186,46964.0,0.04,-0.6,5.863930327625016e+36,,-1.954643442541672e+29
J1955+5059,298.828182,6.0,50.998692,4.0,1.927012522,18.0,-5.1e-15,13.0,-9.82e-27,18.0,*,2.186,49038.0,0.021,-0.1,3.078563422003133e+36,,-3.2324915931032896e+29
J1957+2831,299.33082,4.0,28.52885,4.0,3.250099739,17.0,-3.29e-14,3.0,-7.3e-26,12.0,*,6.891,52485.0,0.3,0.6,1.2510491410051764e+38,,3.1276228525129412e+31
J1957+2831,299.33082,4.0,28.52885,4.0,3.250099739,17.0,-3.29e-14,3.0,-7.3e-26,12.0,*,6.891,52912.0,0.13,0.3,5.421212944355765e+37,,1.1745961379437496e+31
J1957+2831,299.33082,4.0,28.52885,4.0,3.250099739,17.0,-3.29e-14,3.0,-7.3e-26,12.0,*,6.891,54692.8,5.8,5.0,2.418695005943341e+39,,1.4028431034471375e+33
J1957+2831,299.33082,4.0,28.52885,4.0,3.250099739,17.0,-3.29e-14,3.0,-7.3e-26,12.0,*,6.891,56897.3,2.25,1.3,9.382868557538825e+38,,8.119790097870137e+32
J2005-0020,301.43229,16.0,-0.3394,4.0,0.438661702,7.0,-4.94e-15,11.0,7.8e-28,500.0,*,1.835,55976.0,12.5,*,9.495748168556285e+37,,*
J2021+3651,305.27275,17.0,36.85133,14.0,9.639394858,3.0,-8.89e-12,6.0,1.09e-21,5.0,*,1.8,52630.1,2587.0,6.2,9.489770435785636e+42,,1.979841622369148e+39
J2021+3651,305.27275,17.0,36.85133,14.0,9.639394858,3.0,-8.89e-12,6.0,1.09e-21,5.0,*,1.8,54177.0,745.0,5.5,2.7328484633398913e+42,,1.8508837319892902e+38
J2021+3651,305.27275,17.0,36.85133,14.0,9.639394858,3.0,-8.89e-12,6.0,1.09e-21,5.0,*,1.8,55110.0,2228.8,8.5,8.175802221599933e+42,,1.0718957642059957e+39
J2021+3651,305.27275,17.0,36.85133,14.0,9.639394858,3.0,-8.89e-12,6.0,1.09e-21,5.0,*,1.8,57200.0,3069.0,10.2,1.125786836777198e+43,,1.6936469617986375e+39
J2021+3651,305.27275,17.0,36.85133,14.0,9.639394858,3.0,-8.89e-12,6.0,1.09e-21,5.0,*,1.8,58668.0,1186.5,4.63,4.352382150003733e+42,,5.5767833919864235e+38
J2022+2854,305.654446,3.0,28.906418,4.0,2.912037613,11.0,-1.61e-14,11.0,2.4e-26,18.0,*,2.1,47409.0,0.13,0.5,4.3520817981357735e+37,,5.657706337576506e+30
J2022+3842,305.59037,3.0,38.704117,20.0,20.58511983,11.0,-3.65e-11,9.0,*,0.0,*,10.0,54680.0,1900.0,*,3.1784847829312073e+43,,*
J2022+5154,305.707804,5.0,51.913954,4.0,1.889655753,6.0,-1.09e-14,15.0,-2.27e-26,16.0,*,1.8,58311.0,0.33,-0.83,4.651993129329339e+37,,-9.24793814866676e+30
J2029+3744,307.34947,4.0,37.7356,4.0,0.821824599,8.0,-8.32e-15,6.0,-6.34e-26,13.0,*,5.771,56993.6,6.2,*,1.6531402468471009e+38,,*
J2032+4127,308.054663,9.0,41.45675,3.0,6.980975,9.0,-5.51e-13,12.0,*,0.0,BT,1.33,55820.0,273.3,1.06,5.2581325986564464e+41,,6.778526600060411e+37
J2116+1414,319.0573,13.0,14.239178,20.0,2.271936913,7.0,-1.49e-15,5.0,-8.5e-27,6.0,*,25.0,47989.0,0.26,8.0,5.298166718094795e+37,,8.609520916904043e+29
J2116+1414,319.0573,13.0,14.239178,20.0,2.271936913,7.0,-1.49e-15,5.0,-8.5e-27,6.0,*,25.0,58627.0,0.4,1.9,8.151025720145839e+37,,8.580027073837728e+30
J2219+4754,334.950579,13.0,47.914981,9.0,1.857117737,4.0,-9.54e-15,14.0,-3.18e-27,13.0,*,2.387,55857.4,1.16,0.4,1.5794162490068174e+38,,2.2901535610598848e+32
J2225+6535,336.4702613,13.0,65.5934364,3.0,1.465110237,2.0,-2.07e-14,2.0,-8.6e-27,28.0,*,0.9,43072.0,1707.0,3.0,1.4465513786874377e+41,,4.1154386723657598e+37
J2225+6535,336.4702613,13.0,65.5934364,3.0,1.465110237,2.0,-2.07e-14,2.0,-8.6e-27,28.0,*,0.9,51900.0,0.14,-2.9,1.1863924605520873e+37,,-2.8637059392636596e+29
J2225+6535,336.4702613,13.0,65.5934364,3.0,1.465110237,2.0,-2.07e-14,2.0,-8.6e-27,28.0,*,0.9,52950.0,0.08,-1.4,6.77938548886907e+36,,-1.93696728253402e+29
J2225+6535,336.4702613,13.0,65.5934364,3.0,1.465110237,2.0,-2.07e-14,2.0,-8.6e-27,28.0,*,0.9,53434.0,0.2,*,1.6948463722172672e+37,,*
J2225+6535,336.4702613,13.0,65.5934364,3.0,1.465110237,2.0,-2.07e-14,2.0,-8.6e-27,28.0,*,0.9,54266.0,0.4,-0.8,3.3896927444345345e+37,,-8.474231861086339e+30
J2229+6114,337.272,3.0,61.23592,14.0,19.37099515,3.0,-2.94e-11,8.0,*,0.0,*,3.0,53064.0,1139.3,12.5,1.6877250594601282e+43,,7.691300640971697e+38
J2229+6114,337.272,3.0,61.23592,14.0,19.37099515,3.0,-2.94e-11,8.0,*,0.0,*,3.0,54110.0,327.0,-3.0,4.8440805270206444e+42,,-2.640023887226251e+38
J2229+6114,337.272,3.0,61.23592,14.0,19.37099515,3.0,-2.94e-11,8.0,*,0.0,*,3.0,54781.54,4.5,0.1,6.666165862872447e+40,,1.4998873191463007e+36
J2229+6114,337.272,3.0,61.23592,14.0,19.37099515,3.0,-2.94e-11,8.0,*,0.0,*,3.0,55134.0,198.4,6.3,2.9390384604308746e+42,,4.6278192900752825e+37
J2229+6114,337.272,3.0,61.23592,14.0,19.37099515,3.0,-2.94e-11,8.0,*,0.0,*,3.0,55601.0,1223.6,13.0,1.8126045666246056e+43,,8.530395952776411e+38
J2229+6114,337.272,3.0,61.23592,14.0,19.37099515,3.0,-2.94e-11,8.0,*,0.0,*,3.0,56362.0,66.0,3.2,9.777043265546255e+41,,1.0082575867594578e+37
J2229+6114,337.272,3.0,61.23592,14.0,19.37099515,3.0,-2.94e-11,8.0,*,0.0,*,3.0,56797.0,850.0,11.3,1.2591646629870177e+43,,4.735796298844978e+38
J2229+6114,337.272,3.0,61.23592,14.0,19.37099515,3.0,-2.94e-11,8.0,*,0.0,*,3.0,58424.0,1047.1,12.4,1.5511427277808304e+43,,6.549199799432691e+38
J2229+6114,337.272,3.0,61.23592,14.0,19.37099515,3.0,-2.94e-11,8.0,*,0.0,*,3.0,59262.0,283.9,6.5,4.205609974376639e+42,,9.184405167119443e+37
J2257+5909,344.490601,13.0,59.154121,7.0,2.71557265,5.0,-4.24e-14,4.0,-8.1e-26,10.0,*,3.0,49488.2,0.75,1.0,2.183453021075823e+38,,8.187948829034335e+31
J2301+5852,345.2845,14.0,58.87901,17.0,0.143285547,3.0,-9.67e-15,7.0,*,0.0,*,3.3,52443.9,4104.0,1111.0,3.326379999807829e+39,,6.143772960941193e+33
J2301+5852,345.2845,14.0,58.87901,17.0,0.143285547,3.0,-9.67e-15,7.0,*,0.0,*,3.3,53750.0,30.8,*,2.4964060427407685e+37,,*
J2301+5852,345.2845,14.0,58.87901,17.0,0.143285547,3.0,-9.67e-15,7.0,*,0.0,*,3.3,54040.0,11167.0,*,9.051092947820181e+39,,*
J2301+5852,345.2845,14.0,58.87901,17.0,0.143285547,3.0,-9.67e-15,7.0,*,0.0,*,3.3,54184.9032,880.0,*,7.132588693545051e+38,,*
J2301+5852,345.2845,14.0,58.87901,17.0,0.143285547,3.0,-9.67e-15,7.0,*,0.0,*,3.3,54880.0,-14.0,-29.3,-1.1347300194276218e+37,,-2.710959090782714e+30
J2325+6316,351.3054983,9.0,63.2812117,3.0,0.696228755,5.0,-1.37e-15,3.0,6.9e-28,30.0,*,4.855,53957.0,0.21,-0.32,4.0186755421251535e+36,,-1.318627912259816e+30
J2337+6151,354.27401,5.0,61.850425,20.0,2.018693636,2.0,-7.88e-13,3.0,1.45e-23,9.0,*,0.7,53642.0,20470.0,23.8,3.29320227813896e+42,,1.416215349443372e+39
J2346-0609,356.7104075,5.0,-6.1666386,6.0,0.84640795,3.0,-9.77e-16,3.0,-1.1e-27,12.0,*,3.704,57495.0,0.55,2.4,1.5555425455496394e+37,,1.782392500108962e+30
