1,J0007+7303,J0007+7303,1,54953,X,554,1,1,0.1,"Abdo+2012 [awd+12], also in Ray+2011 [rkp+11]"
2,J0007+7303,J0007+7303,2,55466,X,1260,X,X,X,Belfore+2011 [3rd Fermi symp.]
3,4U_0142+61,J0146+6145,1,51141,248,650,150,14,5,Morii+2005 [mks05]
4,4U_0142+61,J0146+6145,2,53809,X,1627,348,11.6,0.4,Gavriil et al. (2011) [gdk11]
5,B0144+59,J0147+5922,1,53682,15,0.056,0.003,-0.21,0.05,Yuan+2010 [ywml10]
6,B0154+61,J0157+6212,1,48512,5,4,1,-11,6,"Espinoza+2011 [elsk11], also in Krawczyk+2003 [klgj03]"
7,B0154+61,J0157+6212,2,58283,3,2.6,0.3,X,X,Basu+2021 [bsa+21]
8,J0205+6449,J0205+6449,1,52555,8,340,110,5,1,Livingstone+2009 [lrc+09]
9,J0205+6449,J0205+6449,2,52920,72,3800,400,12,1,Livingstone+2009 [lrc+09]
10,J0205+6449,J0205+6449,3,54907,18,1761,7,12,2,Basu+2021 [bsa+21]
11,J0205+6449,J0205+6449,4,55719,10,126,5,3,1,Basu+2021 [bsa+21]
12,J0205+6449,J0205+6449,5,55836,5,2933,5,13,1,Basu+2021 [bsa+21]
13,J0205+6449,J0205+6449,6,56854,28,84,14,3,2,Basu+2021 [bsa+21]
14,J0205+6449,J0205+6449,7,57345,12,527,7,5,1,Basu+2021 [bsa+21]
15,J0205+6449,J0205+6449,8,57696.75,0.08,43,2,X,X,Basu+2021 [bsa+21]
16,J0205+6449,J0205+6449,9,58320,97,3140,50,20,3,Basu+2021 [bsa+21]
17,J0215+6218,J0215+6218,1,55965,27,0.06,0.04,X,X,Basu+2021 [bsa+21]
18,B0355+54,J0358+5413,1,46082,4,6,1,6,5,"Espinoza+2011 [elsk11], also in Lyne (1987) [lyn87]"
19,B0355+54,J0358+5413,2,46470,18,4366,1,430,154,"Espinoza+2011 [elsk11], also in Lyne (1987) [lyn87]"
20,B0402+61,J0406+6138,1,53041,6,0.62,0.04,0.5,0.1,Yuan+2010 [ywml10]
21,B0410+69,J0415+6954,1,57120,60,0.011,0.006,X,X,Basu+2021 [bsa+21]
22,J0417+35,J0417+35,1,57053.63,0.06,24.54,0.03,3.4,0.1,Basu+2021 [bsa+21]
23,B0458+46,J0502+4654,1,52616,2,0.33,0.02,0.7,0.2,Espinoza+2011 [elsk11]
24,B0523+11,J0525+1115,1,56010.4,0.5,0.312,0.002,0.6,0.2,Basu+2021 [bsa+21]
25,B0525+21,J0528+2200,1,42051.5,0.3,1.9,0.2,13,5,"Espinoza+2011 [elsk11], also in Downs (1982) [dow82]"
26,B0525+21,J0528+2200,2,52296,1,2.3,0.2,7,2,"Janssen+2006 [js06], also in Yuan+2010 [ywml10]"
27,B0525+21,J0528+2200,3,53379,X,0.2,0.1,X,X,Janssen+2006 [js06]
28,B0525+21,J0528+2200,4,53980,12,0.5,0.1,0.1,0.1,Yuan+2010 [ywml10]
29,B0531+21,J0534+2200,1,40491.8,0.03,7.2,0.4,0.44,0.04,"Espinoza+2011 [elsk11], also in Lohsen (1981) [loh81]"
30,B0531+21,J0534+2200,2,41161.98,0.04,1.9,0.1,0.17,0.01,"Espinoza+2011 [elsk11], also in Lohsen (1981) [loh81]"
31,B0531+21,J0534+2200,3,41250.32,0.01,2.1,0.1,0.11,0.01,"Espinoza+2011 [elsk11], also in Lohsen (1981) [loh81]"
32,B0531+21,J0534+2200,4,42447.26,0.04,35.7,0.3,1.6,0.1,"Espinoza+2011 [elsk11], also in Lohsen (1981) [loh81]"
33,B0531+21,J0534+2200,5,46663.69,0.03,6,1,0.5,0.1,"Espinoza+2011 [elsk11], also in Lyne+1987 [lp87]"
34,B0531+21,J0534+2200,6,47767.504,0.003,81,0.4,3.4,0.1,"Espinoza+2011 [elsk11], also in Lyne+1992 [lsp92]"
35,B0531+21,J0534+2200,7,48945.6,0.1,4.2,0.2,0.32,0.03,"Espinoza+2011 [elsk11], also in Lyne+1993 [lps93] Wong+2001 [wbl01]"
36,B0531+21,J0534+2200,8,50020.04,0.02,2.1,0.1,0.2,0.01,"Espinoza+2011 [elsk11], also in Wong+2001 [wbl01]"
37,B0531+21,J0534+2200,9,50260.031,0.004,31.9,0.1,1.73,0.03,"Espinoza+2011 [elsk11], also in Wong+2001 [wbl01]"
38,B0531+21,J0534+2200,10,50458.94,0.03,6.1,0.4,1.1,0.1,"Espinoza+2011 [elsk11], also in Wong+2001 [wbl01]"
39,B0531+21,J0534+2200,11,50489.7,0.2,0.8,0.3,-0.2,0.1,"Espinoza+2011 [elsk11], also in Wong+2001 [wbl01]"
40,B0531+21,J0534+2200,12,50812.59,0.01,6.2,0.2,0.62,0.04,"Espinoza+2011 [elsk11], also in Wong+2001 [wbl01]"
41,B0531+21,J0534+2200,13,51452.02,0.01,6.8,0.2,0.7,0.1,"Espinoza+2011 [elsk11], also in Wong+2001 [wbl01]"
42,B0531+21,J0534+2200,14,51740.656,0.002,25.1,0.3,2.9,0.1,Espinoza+2011 [elsk11]
43,B0531+21,J0534+2200,15,51804.75,0.02,3.5,0.1,0.53,0.03,Espinoza+2011 [elsk11]
44,B0531+21,J0534+2200,16,52084.072,0.001,22.6,0.1,2.07,0.03,Espinoza+2011 [elsk11]
45,B0531+21,J0534+2200,17,52146.758,0.0003,8.9,0.1,0.57,0.01,Espinoza+2011 [elsk11]
46,B0531+21,J0534+2200,18,52498.257,0.002,3.4,0.1,0.7,0.02,Espinoza+2011 [elsk11]
47,B0531+21,J0534+2200,19,52587.2,0.01,1.7,0.1,0.5,0.1,Espinoza+2011 [elsk11]
48,B0531+21,J0534+2200,20,53067.078,0.0002,214,1,6.2,0.2,Espinoza+2011 [elsk11]
49,B0531+21,J0534+2200,21,53254.109,0.002,4.9,0.1,0.2,0.1,Espinoza+2011 [elsk11]
50,B0531+21,J0534+2200,22,53331.17,0.01,2.8,0.2,0.7,0.1,Espinoza+2011 [elsk11]
51,B0531+21,J0534+2200,23,53970.19,0.0003,21.8,0.2,3.1,0.1,Espinoza+2011 [elsk11]
52,B0531+21,J0534+2200,24,54580.38,0.01,4.7,0.1,0.2,0.1,Espinoza+2011 [elsk11]
53,B0531+21,J0534+2200,25,55875.49,0.03,39,4,0.23,0.02,Basu+2021 [bsa+21]
54,B0531+21,J0534+2200,26,57839.8,0.1,2.2,0.4,X,X,Basu+2021 [bsa+21]
55,B0531+21,J0534+2200,27,58064.555,0.003,516.37,0.1,6.969,0.021,Shaw+2018; also Basu+2019 [bkj+19]
56,B0531+21,J0534+2200,28,58237.357,0.005,4.08,0.22,0.46,0.11,Shaw+2018 (ATel #11625); also Basu+2019 [bkj+19]
57,B0531+21,J0534+2200,29,58470.7,0.2,2.3,0.6,X,X,Basu+2021 [bsa+21]
58,B0531+21,J0534+2200,30,58687.565,0.004,31.7,1.2,0.341,0.033,Shaw+2021 [skl+21] Also in Shaw+2019 [smk+19]
59,J0537-6910,J0537-6910,1,51278,16,687,3,1,1,Antonopoulou+2018 [aeka18] Also in Ferdman+2018 [fagk18] and Middleditch+2006 [mmw+06]
60,J0537-6910,J0537-6910,2,51562,15,450,3,0.7,0.1,Antonopoulou+2018 [aeka18] Also in Ferdman+2018 [fagk18] and Middleditch+2006 [mmw+06]
61,J0537-6910,J0537-6910,3,51711,5,315,1,0.6,0.1,Antonopoulou+2018 [aeka18] Also in Ferdman+2018 [fagk18] and Middleditch+2006 [mmw+06]
62,J0537-6910,J0537-6910,4,51826,8,140,1,0.5,0.1,Antonopoulou+2018 [aeka18] Also in Ferdman+2018 [fagk18] and Middleditch+2006 [mmw+06]
63,J0537-6910,J0537-6910,5,51881,6,140,1,0.7,0.2,Antonopoulou+2018 [aeka18] Also in Ferdman+2018 [fagk18] and Middleditch+2006 [mmw+06]
64,J0537-6910,J0537-6910,6,51960,5,454,5,0.8,0.5,Antonopoulou+2018 [aeka18] Also in Ferdman+2018 [fagk18] and Middleditch+2006 [mmw+06]
65,J0537-6910,J0537-6910,7,52152,1,2.3,0.4,X,X,Antonopoulou+2018 [aeka18] Also in Middleditch+2006 [mmw+06]
66,J0537-6910,J0537-6910,8,52170,5,184,1,0.8,0.2,Antonopoulou+2018 [aeka18] Also in Ferdman+2018 [fagk18] and Middleditch+2006 [mmw+06]
67,J0537-6910,J0537-6910,9,52241,12,426,1,0.2,0.1,Antonopoulou+2018 [aeka18] Also in Ferdman+2018 [fagk18] and Middleditch+2006 [mmw+06]
68,J0537-6910,J0537-6910,10,52378,11,168,1,0.4,0.1,Antonopoulou+2018 [aeka18] Also in Ferdman+2018 [fagk18] and Middleditch+2006 [mmw+06]
69,J0537-6910,J0537-6910,11,52453,7,218,1,0.4,0.2,Antonopoulou+2018 [aeka18] Also in Ferdman+2018 [fagk18] and Middleditch+2006 [mmw+06]
70,J0537-6910,J0537-6910,12,52545,6,420,2,0.5,0.2,Antonopoulou+2018 [aeka18] Also in Ferdman+2018 [fagk18] and Middleditch+2006 [mmw+06]
71,J0537-6910,J0537-6910,13,52731,14,146,3,0.6,0.1,Antonopoulou+2018 [aeka18] Also in Ferdman+2018 [fagk18] and Middleditch+2006 [mmw+06]
72,J0537-6910,J0537-6910,14,52807,15,255,3,0.6,0.3,Antonopoulou+2018 [aeka18] Also in Ferdman+2018 [fagk18] and Middleditch+2006 [mmw+06]
73,J0537-6910,J0537-6910,15,52886,3,234.6,0.3,0.44,0.05,Antonopoulou+2018 [aeka18] Also in Ferdman+2018 [fagk18] and Middleditch+2006 [mmw+06]
74,J0537-6910,J0537-6910,16,53014,6,338,1,0.7,0.1,Antonopoulou+2018 [aeka18] Also in Ferdman+2018 [fagk18] and Middleditch+2006 [mmw+06]
75,J0537-6910,J0537-6910,17,53125.5,0.1,17,1,0.4,0.3,Antonopoulou+2018 [aeka18]
76,J0537-6910,J0537-6910,18,53145,2,391.1,0.2,0.19,0.04,Antonopoulou+2018 [aeka18] Also in Ferdman+2018 [fagk18] and Middleditch+2006 [mmw+06]
77,J0537-6910,J0537-6910,19,53288,3,395,1,0.7,0.1,Antonopoulou+2018 [aeka18] Also in Ferdman+2018 [fagk18] and Middleditch+2006 [mmw+06]
78,J0537-6910,J0537-6910,20,53445,2,260,1,0.9,0.1,Antonopoulou+2018 [aeka18] Also in Ferdman+2018 [fagk18] and Middleditch+2006 [mmw+06]
79,J0537-6910,J0537-6910,21,53550,2,321,1,0.7,0.1,Antonopoulou+2018 [aeka18] Also in Ferdman+2018 [fagk18] and Middleditch+2006 [mmw+06]
80,J0537-6910,J0537-6910,22,53696,14,409,3,0.7,0.1,Antonopoulou+2018 [aeka18] Also in Ferdman+2018 [fagk18] and Middleditch+2006 [mmw+06]
81,J0537-6910,J0537-6910,23,53861,1,235,1,0.8,0.1,Antonopoulou+2018 [aeka18] Also in Ferdman+2018 [fagk18] and Middleditch+2006 [mmw+06]
82,J0537-6910,J0537-6910,24,53951.3,0.3,18,1,0.3,0.2,Antonopoulou+2018 [aeka18] Also in Ferdman+2018 [fagk18] and Middleditch+2006 [mmw+06]
83,J0537-6910,J0537-6910,25,53999,3,352,1,0.4,0.3,Antonopoulou+2018 [aeka18] Also in Ferdman+2018 [fagk18]
84,J0537-6910,J0537-6910,26,54094,5,371,2,0.1,0.3,Antonopoulou+2018 [aeka18] Also in Ferdman+2018 [fagk18]
85,J0537-6910,J0537-6910,27,54243,8,1,0.3,X,X,Antonopoulou+2018 [aeka18]
86,J0537-6910,J0537-6910,28,54271,2,488,1,0.8,0.2,Antonopoulou+2018 [aeka18] Also in Ferdman+2018 [fagk18]
87,J0537-6910,J0537-6910,29,54448,7,239,1,0.8,0.2,Antonopoulou+2018 [aeka18] Also in Ferdman+2018 [fagk18]
88,J0537-6910,J0537-6910,30,54538,4,114,1,0.5,0.3,Antonopoulou+2018 [aeka18] Also in Ferdman+2018 [fagk18]
89,J0537-6910,J0537-6910,31,54578,5,147,1,0,1,Antonopoulou+2018 [aeka18] Also in Ferdman+2018 [fagk18]
90,J0537-6910,J0537-6910,32,54639,2,128.7,0.5,0.4,0.2,Antonopoulou+2018 [aeka18] Also in Ferdman+2018 [fagk18]
91,J0537-6910,J0537-6910,33,54712,2,105,1,0.5,0.3,Antonopoulou+2018 [aeka18] Also in Ferdman+2018 [fagk18]
92,J0537-6910,J0537-6910,34,54767,4,362,1,0.6,0.1,Antonopoulou+2018 [aeka18] Also in Ferdman+2018 [fagk18]
93,J0537-6910,J0537-6910,35,54895,9,341,1,0.5,0.1,Antonopoulou+2018 [aeka18] Also in Ferdman+2018 [fagk18]
94,J0537-6910,J0537-6910,36,55043,2,217,0.5,0.8,0.1,Antonopoulou+2018 [aeka18] Also in Ferdman+2018 [fagk18]
95,J0537-6910,J0537-6910,37,55184,2,209,1,1.1,0.1,Antonopoulou+2018 [aeka18] Also in Ferdman+2018 [fagk18]
96,J0537-6910,J0537-6910,38,55280,4,549,3,0.3,0.3,Antonopoulou+2018 [aeka18] Also in Ferdman+2018 [fagk18]
97,J0537-6910,J0537-6910,39,55451,7,169,1,0.4,0.1,Antonopoulou+2018 [aeka18] Also in Ferdman+2018 [fagk18]
98,J0537-6910,J0537-6910,40,55519,2,122,1,0.4,0.3,Antonopoulou+2018 [aeka18] Also in Ferdman+2018 [fagk18]
99,J0537-6910,J0537-6910,41,55552,2,8,2,-2,2,Antonopoulou+2018 [aeka18] Also in Ferdman+2018 [fagk18]
100,J0537-6910,J0537-6910,42,55587,2,87,2,1,4,Antonopoulou+2018 [aeka18] Also in Ferdman+2018 [fagk18]
101,J0537-6910,J0537-6910,43,55615,4,453,2,0.2,0.5,Antonopoulou+2018 [aeka18] Also in Ferdman+2018 [fagk18]
102,J0537-6910,J0537-6910,44,55786.1,0.1,14,1,-0.2,0.2,Antonopoulou+2018 [aeka18]
103,J0537-6910,J0537-6910,45,55819,2,346,1,0.9,0.4,Antonopoulou+2018 [aeka18] Also in Ferdman+2018 [fagk18]
104,J0537-6910,J0537-6910,46,58083,25,260.51,0.03,0.75,0.15,Ho+2020 [hea+20]
105,J0537-6910,J0537-6910,47,58152,11,581.94,0.1,0.8,0.15,Ho+2020 [hea+20]
106,J0537-6910,J0537-6910,48,58363,14,126.5,0.8,1.2,0.2,Ho+2020 [hea+20]
107,J0537-6910,J0537-6910,49,58424,2,409,5,1,0.5,Ho+2020 [hea+20]
108,J0537-6910,J0537-6910,50,58566,5,148.7,0.3,0.45,0.03,Ho+2020 [hea+20]
109,J0537-6910,J0537-6910,51,58637,8,435.92,0.16,0.43,0.02,Ho+2020 [hea+20]
110,J0537-6910,J0537-6910,52,58807,3,122.3,0.5,1.1,0.15,Ho+2020 [hea+20]
111,J0537-6910,J0537-6910,53,58868,3,388,1,1.2,0.23,Ho+2020 [hea+20]
112,B0540-69,J0540-6919,1,51335,12,1.4,0.2,0.133,0.002,Livingstone+2005 [lkg05]
113,B0559-05,J0601-0527,1,51665.2,0.1,0.2,0.1,-0.7,0.1,Espinoza+2011 [elsk11]
114,B0559-05,J0601-0527,2,54347,13,0.05,0.01,0.2,0.2,Basu+2021 [bsa+21]
115,J0611+1436,J0611+1436,1,55818,16,5575.4,0.8,X,X,Basu+2021 [bsa+21]
116,J0625+1015,J0625+1015,1,55203,8,0.33,0.05,X,X,Basu+2021 [bsa+21]
117,J0625+1015,J0625+1015,2,57676,3,1.17,0.06,0.9,0.2,Basu+2021 [bsa+21]
118,J0625+1015,J0625+1015,3,58488,28,767.35,0.11,3.15,0.27,New - Our measurement
119,J0613-0200,J0613-0200,1,50888,30,0.0025,0.0001,0.16,0.39,McKee+2016 [mjs+16]
120,J0631+1036,J0631+1036,1,50183.5,0.2,4.7,0.1,-0.7,0.1,Espinoza+2011 [elsk11]
121,J0631+1036,J0631+1036,2,50480.1,0.1,4.2,0.2,0.1,0.2,Espinoza+2011 [elsk11]
122,J0631+1036,J0631+1036,3,50608.277,0.001,57.3,0.1,1.2,0.1,Espinoza+2011 [elsk11]
123,J0631+1036,J0631+1036,4,50729,1,1662.7,0.1,3.5,0.2,Espinoza+2011 [elsk11]
124,J0631+1036,J0631+1036,5,51909.7,0.1,1.4,0.1,0.26,0.04,Espinoza+2011 [elsk11]
125,J0631+1036,J0631+1036,6,52852.5,0.01,17.6,0.1,2.48,0.04,"Espinoza+2011 [elsk11], also in Yuan+2010 [ywml10]"
126,J0631+1036,J0631+1036,7,53230.1,0.1,1.6,0.1,0.4,0.1,"Espinoza+2011 [elsk11], also in Yuan+2010 [ywml10]"
127,J0631+1036,J0631+1036,8,53366,1,1.9,0.1,0.3,0.1,Espinoza+2011 [elsk11]
128,J0631+1036,J0631+1036,9,53622.6,0.2,1.1,0.1,0.2,0.03,Espinoza+2011 [elsk11]
129,J0631+1036,J0631+1036,10,54099,2,0.4,0.1,-0.2,0.1,Espinoza+2011 [elsk11]
130,J0631+1036,J0631+1036,11,54170.4,0.1,1.6,0.1,-0.1,0.1,"Espinoza+2011 [elsk11], also in Yuan+2010 [ywml10]"
131,J0631+1036,J0631+1036,12,54632.53,0.002,43.2,0.1,3.3,0.2,Espinoza+2011 [elsk11]
132,J0631+1036,J0631+1036,13,55119.35,0.06,9.4,0.4,0.2,0.5,Basu+2021 [bsa+21]
133,J0631+1036,J0631+1036,14,55276.7,0.3,7.5,0.6,X,X,Basu+2021 [bsa+21]
134,J0631+1036,J0631+1036,15,55702,5,3277.9,0.8,2.7,0.6,Basu+2021 [bsa+21]
135,J0631+1036,J0631+1036,16,58341.7,0.1,27.8,0.8,X,X,Basu+2021 [bsa+21]
136,J0631+1036,J0631+1036,17,58352.13,0.01,96.4,0.6,1.3,0.3,Basu+2021 [bsa+21]; also in Lower+2021 [ljd+21]
137,J0633+1746,J0633+1746,1,50382,X,0.6,X,X,X,Jackson+2002 [jhgm02]
138,B0656+14,J0659+1414,1,50197,8,0.6,0.4,0.3,0.5,Espinoza+2011 [elsk11]
139,B0656+14,J0659+1414,2,51017,3,1.3,0.1,2,1,Espinoza+2011 [elsk11]
140,J0726-2612,J0726-2612,1,56913,25,2.8,0.9,-0.6,0.4,New - Our measurement
141,J0726-2612,J0726-2612,2,58791,0.5,510,1.6,1.7,0.7,New - Our measurement
142,B0727-18,J0729-1836,1,51422,1,1,0.5,-2,3,Espinoza+2011 [elsk11]
143,B0727-18,J0729-1836,2,52150,3,4,1,6,2,Espinoza+2011 [elsk11]
144,J0729-1448,J0729-1448,1,52010,1,24.8,0.4,1.6,0.3,Espinoza+2011 [elsk11]
145,J0729-1448,J0729-1448,2,54317.7,0.2,23,1,4,3,"Espinoza+2011 [elsk11], also in Yu+2012 [ymh+12]"
146,J0729-1448,J0729-1448,3,54483.6,0.3,13,1,1,1,"Espinoza+2011 [elsk11], also in Yu+2012 [ymh+12]"
147,J0729-1448,J0729-1448,4,54592,1,12,1,-2,2,"Espinoza+2011 [elsk11], also in Yu+2012 [ymh+12]"
148,J0729-1448,J0729-1448,5,54687,3,6676,9,54,5,"Espinoza+2011 [elsk11], also in Weltevrede+2010 [wjm+10], Yu+2012 [ymh+12]"
149,J0729-1448,J0729-1448,6,58266.6,0.9,3.8,0.4,X,X,Basu+2019 [bkj+19]
150,J0738-4042,J0738-4042,1,57359,5,0.36,0.04,3,1,Zhou+22 [zgy+22]
151,B0740-28,J0742-2822,1,47625,3,1.2,0.1,-0.8,0.3,"Espinoza+2011 [elsk11], also in D’Alessandro+1993 [dmk+93]"
152,B0740-28,J0742-2822,2,48331.7,0.3,1.2,0.1,-1,1,"Espinoza+2011 [elsk11], also in D’Alessandro+1993 [dmk+93]"
153,B0740-28,J0742-2822,3,51770,20,1,0.3,0.9,0.2,Janssen+2006 [js06]
154,B0740-28,J0742-2822,4,52028,2,3.7,0.2,4,1,"Espinoza+2011 [elsk11], also in Janssen+2006 [js06]"
155,B0740-28,J0742-2822,5,53083,1,1.7,0.2,-1,1,"Espinoza+2011 [elsk11], also in Janssen+2006 [js06]"
156,B0740-28,J0742-2822,6,53467.7,0.3,1.8,0.1,4.6,0.5,"Espinoza+2011 [elsk11], also in Janssen+2006 [js06]"
157,B0740-28,J0742-2822,7,55020.469,0.004,92,2,-372,96,"Espinoza+2011 [elsk11], also in Yu+2012 [ymh+12]"
158,B0740-28,J0742-2822,8,56725.2,0.2,2.4,0.1,-1.1,0.6,Basu+2021 [bsa+21]; also Basu+2019 [bkj+19]
159,B0740-28,J0742-2822,9,59839.4,0.5,4304.2,1,X,X,Shaw+2022 [sms+22]
160,B0756-15,J0758-1528,1,49963,4,0.11,0.03,2,2,Espinoza+2011 [elsk11]
161,B0818-13,J0820-1350,1,49927,20,0.035,0.002,0.159,0.004,Basu+2021 [bsa+21]
162,B0818-13,J0820-1350,2,58063,10,0.082,0.006,0.14,0.07,Basu+2021 [bsa+21]
163,B0833-45,J0835-4510,1,40280,4,2340,10,10,1,Downs (1981) [dow81]
164,B0833-45,J0835-4510,2,41192,8,2050,30,15,6,Downs (1981) [dow81]
165,B0833-45,J0835-4510,3,41312,4,12,2,3,6,Cordes+1988 [cdk88]
166,B0833-45,J0835-4510,4,42683,3,1990,10,11,7,Downs (1981) [dow81]
167,B0833-45,J0835-4510,5,43693,12,3060,60,18,9,Downs (1981) [dow81]
168,B0833-45,J0835-4510,6,44888.4,0.4,1145,3,49,4,Cordes+1988 [cdk88]
169,B0833-45,J0835-4510,7,45192,1,2050,10,23,1,Cordes+1988 [cdk88]
170,B0833-45,J0835-4510,8,46257.228,0.001,1601,1,17,1,McCulloch+1987 [mkhr87]
171,B0833-45,J0835-4510,9,47519.8036,0.0001,1805,1,77,6,McCulloch+1987 [mkhr87]
172,B0833-45,J0835-4510,10,48457.382,0.001,2715,2,600,60,Flanagan (1991) [fla91]
173,B0833-45,J0835-4510,11,48550,19,5.55,0.3,1.053,0.013,Espinoza+2021 [ead+21]
174,B0833-45,J0835-4510,12,49559,0.2,835,2,0,5,Flanagan+1994 [fm94]
175,B0833-45,J0835-4510,13,49591.2,X,199,2,120,20,Flanagan (1994) [fla94]
176,B0833-45,J0835-4510,14,50369.345,0.002,2110,17,5.95,0.03,"Wang+2000 [wmp+00], also in Yu+2012 [ymh+12]"
177,B0833-45,J0835-4510,15,51457,99,38,4,3.66,0.19,Espinoza+2021 [ead+21]
178,B0833-45,J0835-4510,16,51559.319,0.001,3085.72,0.04,6.736,0.001,"Dodson+2002 [dml02], also in Yu+2012 [ymh+12]"
179,B0833-45,J0835-4510,17,53193,X,2100,X,X,X,"Dodson+2004 [dbr+04], also in Yu+2012 [ymh+12]"
180,B0833-45,J0835-4510,18,53960,X,2620,X,230,40,"Flanagan+2006 [fb06], also in Yu+2012 [ymh+12]"
181,B0833-45,J0835-4510,19,55408.8,X,1940,X,75,1,Buchner (2010) [buc10]; also in Gügercinoğlu+22 [ggyz22]
182,B0833-45,J0835-4510,20,56556,X,3100,X,148,1,Buchner(2013) [buc13]; also in Gügercinoğlu+22 [ggyz22]
183,B0833-45,J0835-4510,21,56922,3,0.4,X,0.1,X,Jankowski+2015 [jbb+15]
184,B0833-45,J0835-4510,22,57734.48499,0,1431,X,X,X,Palfreyman+2018; also Basu+2019 [bkj+19]; also in Gügercinoğlu+22 [ggyz22]
185,B0833-45,J0835-4510,23,58515.5929,0.005,2501.2,0.32,8.69,0.28,Kerr (2019) [kerr19]; also in Lower+2020 [lbs+20]; also in Gügercinoğlu+22 [ggyz22]
186,B0833-45,J0835-4510,24,59417.2108,X,1260,X,X,X,Sosa-Fiscella+21 [szp+21]
187,J0834-4159,J0834-4159,1,53415,2,102.7,0.1,0.26,0.04,Yu+2012 [ymh+12]
188,B0844-35,J0846-3533,1,55679,5,0.62,0.04,3,1,Basu+2021 [bsa+21]
189,B0853-33,J0855-3331,1,54521,18,0.06,0.01,0.03,0.01,New - Our measurement
190,J0901-4624,J0901-4624,1,57179,6,0.9,0.1,0.02,0.04,Lower+2021 [ljd+21]
191,J0905-5127,J0905-5127,1,49552,2,13.6,0.4,-1.8,0.9,Yu+2012 [ymh+12]
192,J0905-5127,J0905-5127,2,52931,67,8.3,0.5,1.2,0.1,Yu+2012 [ymh+12]
193,B0919+06,J0922+0638,1,55152,8,1256.2,0.4,0.1,0.9,Basu+2021 [bsa+21]
194,J0940-5428,J0940-5428,1,55346,8,1573.9,1.1,11,2,Lower+2021 [ljd+21]
195,J0940-5428,J0940-5428,2,58322,16,1100.5,0.6,4,0.2,Lower+2021 [ljd+21]
196,J1016-5857,J1016-5857,1,52549,22,1622.6,0.5,3.7,0.1,Yu+2012 [ymh+12]
197,J1016-5857,J1016-5857,2,55041,30,1912,0.4,4.4,0.3,Yu+2012 [ymh+12]
198,J1016-5857,J1016-5857,3,55595,10,1464.4,1.1,4,5,Lower+2021 [ljd+21]
199,J1016-5857,J1016-5857,4,56975,8,6.21,2.35,X,X,Lower+2021 [ljd+21]
200,J1019-5749,J1019-5749,1,55595,10,1.33,0.4,0.12,0.22,Lower+2021 [ljd+21]
201,J1019-5749,J1019-5749,2,55981,10,377.8,0.4,0.51,0.3,Lower+2021 [ljd+21]
202,J1023-5746,J1023-5746,1,55043,8,3570,1,10.62,0.07,Gügercinoğlu+22 [ggyz22]; also in Belfore+2011 [3rd Fermi symp.]
203,J1023-5746,J1023-5746,2,56004,8,2822,4,12.6,0.2,Gügercinoğlu+22 [ggyz22]
204,J1023-5746,J1023-5746,3,56647,8,3306,1,11,0.2,Gügercinoğlu+22 [ggyz22]
205,J1023-5746,J1023-5746,4,57192,8,22,1,-1.74,0.08,Gügercinoğlu+22 [ggyz22]
206,J1023-5746,J1023-5746,5,57727,8,3784.9,0.9,14.82,0.02,Gügercinoğlu+22 [ggyz22]
207,J1023-5746,J1023-5746,6,58202,17,2729,1,5.2,0.03,Gügercinoğlu+22 [ggyz22]
208,J1023-5746,J1023-5746,7,58823,8,1681,0.4,6.77,0.09,Gügercinoğlu+22 [ggyz22]
209,J1028-5819,J1028-5819,1,57881,14,2296.5,0.5,35,1,Lower+2021 [ljd+21]
210,B1046-58,J1048-5832,1,48944,2,19,2,0.3,0.1,"Wang+2000 [wmp+00], also in Yu+2012 [ymh+12]"
211,B1046-58,J1048-5832,2,49034,9,3000,10,3.7,0.1,"Wang+2000 [wmp+00], also in Yu+2012 [ymh+12]"
212,B1046-58,J1048-5832,3,50791.49,5,768,1,14,5,"Urama (2002) [ura02], also in Yu+2012 [ymh+12]"
213,B1046-58,J1048-5832,4,52733,37,1838.4,9,3.7,0.3,Yu+2012 [ymh+12]
214,B1046-58,J1048-5832,5,53673,0.8,28.5,0.4,0.2,0.1,Yu+2012 [ymh+12]
215,B1046-58,J1048-5832,6,54495,10,3043.1,0.2,4.77,0.02,"Weltevrede+2010 [wjm+10], also in Yu+2012 [ymh+12] and Lower+2021 [ljd+21]"
216,B1046-58,J1048-5832,7,56756,4,2963,4,9,9,Lower+2021 [ljd+21]
217,B1046-58,J1048-5832,8,59203.9,0.5,8.89,0.09,X,X,Zubieta+2023 [zmf+23]
218,B1046-58,J1048-5832,9,59540,2,9.9,0.3,X,X,Zubieta+2023 [zmf+23]
219,1E_1048.1-5937,J1048-5937,1,52386,2,2900,100,76,4,Dib+2008 [dkg08b]
220,1E_1048.1-5937,J1048-5937,2,54185.9,1,16300,200,-111,74,Dib+2008 [dkg08b]
221,J1052-5954,J1052-5954,1,54526,22,6747.8,0.7,14.1,0.4,"Weltevrede+2010 [wjm+10], also in Yu+2012 [ymh+12]"
222,J1055-6028,J1055-6028,1,57035,10,105.7,0.6,1.3,0.3,Lower+2021 [ljd+21]
223,J1105-6107,J1105-6107,1,50417,16,279.7,0.2,4.63,0.04,"Wang+2000 [wmp+00], also in Yu+2012 [ymh+12]"
224,J1105-6107,J1105-6107,2,50610,3,2,3,0.19,0.01,Wang+2000 [wmp+00]
225,J1105-6107,J1105-6107,3,51598,147,971.7,0.5,0.1,0.1,Yu+2012 [ymh+12]
226,J1105-6107,J1105-6107,4,54711,21,23,1,0,0.3,"Weltevrede+2010 [wjm+10], also in Yu+2012 [ymh+12]"
227,J1105-6107,J1105-6107,5,55288,16,954.4,0.1,X,X,Yu+2012 [ymh+12]
228,J1112-6103,J1112-6103,1,51395,134,1825,25,4.7,0.4,Yu+2012 [ymh+12]
229,J1112-6103,J1112-6103,2,53337,30,1202,21,7,2,Yu+2012 [ymh+12]
230,J1112-6103,J1112-6103,3,55288,7,1793,1,6,2,Lower+2021 [ljd+21]
231,J1112-6103,J1112-6103,4,57922,6,1283,1,4.9,0.5,Lower+2021 [ljd+21]
232,J1119-6127,J1119-6127,1,51398,4,4.4,0.4,0.04,0.01,"Camilo+2004 [ckl+00], also in Yu+2012 [ymh+12]"
233,J1119-6127,J1119-6127,2,53290,X,321,33,6,1,"Weltevrede+2011 [wje11], also in Yu+2012 [ymh+12]"
234,J1119-6127,J1119-6127,3,54240,X,5419,794,197.8,0.4,"Weltevrede+2011 [wje11], also in Yu+2012 [ymh+12]"
235,J1119-6127,J1119-6127,4,57597.5,0.5,5790,200,X,X,Archibald+2016 (ATel)
236,J1123-6259,J1123-6259,1,49705.87,0.01,749,1,1,0.4,Wang+2000 [wmp+00]
237,J1124-5916,J1124-5916,1,55191,X,16,1,4.73,0.05,Ray+2011 [rkp+11]
238,J1141-3322,J1141-3322,1,50521.31,0.03,0.4,0.1,-4,5,Espinoza+2011 [elsk11]
239,J1248-6344,J1248-6344,1,56043,5,1.7,0.2,X,X,Lower+2021 [ljd+21]
240,B1254-10,J1257-1027,1,58645,144,3.017,0.019,X,X,New - Our measurement
241,B1259-63,J1302-6350,1,50691,1,3.2,0.1,2.5,0.1,Wang+2004 [wjm04]
242,J1301-6305,J1301-6305,1,51923,23,4630,17,8.6,0.1,Yu+2012 [ymh+12]
243,J1301-6305,J1301-6305,2,53383,12,2664,6,3.9,0.1,Yu+2012 [ymh+12]
244,J1301-6305,J1301-6305,3,55124,10,4169,3,5.8,0.7,Lower+2021 [ljd+21]
245,J1301-6305,J1301-6305,4,57718,6,658,3,6,0.5,Lower+2021 [ljd+21]
246,J1320-5359,J1320-5359,1,56354,10,10.5,0.1,0.2,0.2,Lower+2021 [ljd+21]
247,J1320-5359,J1320-5359,2,56737,14,246.8,0.1,0.08,0.14,Lower+2021 [ljd+21]
248,B1325-43,J1328-4357,1,43590,24,116,X,X,X,Newton+1981 [nmc81]
249,B1338-62,J1341-6220,1,47989,21,1509,1,0.2,0.1,Wang+2000 [wmp+00]
250,B1338-62,J1341-6220,2,48453,12,23,7,-0.5,0.1,Wang+2000 [wmp+00]
251,B1338-62,J1341-6220,3,48645,10,996,3,0.7,0.1,Wang+2000 [wmp+00]
252,B1338-62,J1341-6220,4,49134,22,13,13,0.6,0.2,Wang+2000 [wmp+00]
253,B1338-62,J1341-6220,5,49363,130,146,38,0.7,0.2,Wang+2000 [wmp+00]
254,B1338-62,J1341-6220,6,49523,17,37,35,-0.6,0.1,Wang+2000 [wmp+00]
255,B1338-62,J1341-6220,7,49766,2,15,2,-0.3,0.1,"Wang+2000 [wmp+00], also in Yu+2012 [ymh+12]"
256,B1338-62,J1341-6220,8,49904,16,31,1,-1.9,0.4,"Wang+2000 [wmp+00], also in Yu+2012 [ymh+12]"
257,B1338-62,J1341-6220,9,50008,16,1648,3,3.3,0.4,"Wang+2000 [wmp+00], also in Yu+2012 [ymh+12]"
258,B1338-62,J1341-6220,10,50322,1,30,1,0.6,0.1,"Wang+2000 [wmp+00], also in Yu+2012 [ymh+12]"
259,B1338-62,J1341-6220,11,50529,1,23,1,1,0.4,"Wang+2000 [wmp+00], also in Yu+2012 [ymh+12]"
260,B1338-62,J1341-6220,12,50683,13,708,1,1.2,0.3,"Wang+2000 [wmp+00], also in Yu+2012 [ymh+12]"
261,B1338-62,J1341-6220,13,51144,11,170,1,X,X,Yu+2012 [ymh+12]
262,B1338-62,J1341-6220,14,51617,165,1121.5,0.8,X,X,Yu+2012 [ymh+12]
263,B1338-62,J1341-6220,15,52093,53,480,4,X,X,Yu+2012 [ymh+12]
264,B1338-62,J1341-6220,16,52250,16,454.5,0.7,X,X,Yu+2012 [ymh+12]
265,B1338-62,J1341-6220,17,52788,17,219.2,0.2,-8.3,0.3,Yu+2012 [ymh+12]
266,B1338-62,J1341-6220,18,53232,10,277,3,X,X,Yu+2012 [ymh+12]
267,B1338-62,J1341-6220,19,53471,17,985,6,X,X,Yu+2012 [ymh+12]
268,B1338-62,J1341-6220,20,54128,16,194,0.8,5,0.1,Yu+2012 [ymh+12]
269,B1338-62,J1341-6220,21,54468,18,3078.2,0.3,X,X,"Weltevrede+2010 [wjs10], also in Yu+2012 [ymh+12]"
270,B1338-62,J1341-6220,22,54870,11,3066.7,0.3,X,X,"Weltevrede+2010 [wjs10], also in Yu+2012 [ymh+12]"
271,B1338-62,J1341-6220,23,55088,16,1579,2,X,X,Yu+2012 [ymh+12]
272,B1338-62,J1341-6220,24,55484,11,2.4,0.3,0.49,0.01,Lower+2021 [ljd+21]
273,B1338-62,J1341-6220,25,55835,7,329,0.4,0.98,0.02,Lower+2021 [ljd+21]
274,B1338-62,J1341-6220,26,56098,12,151.2,0.4,0.22,0.04,Lower+2021 [ljd+21]
275,B1338-62,J1341-6220,27,56386,5,96,1,X,X,Lower+2021 [ljd+21]
276,B1338-62,J1341-6220,28,56479,9,37,2,X,X,Lower+2021 [ljd+21]
277,B1338-62,J1341-6220,29,56602,12,1709.7,0.3,1.06,0.1,Lower+2021 [ljd+21]
278,B1338-62,J1341-6220,30,57357,9,28.7,0.7,0.25,0.09,Lower+2021 [ljd+21]
279,B1338-62,J1341-6220,31,57492,1,21.7,0.1,0.8,0.1,Lower+2021 [ljd+21]
280,B1338-62,J1341-6220,32,57647,13,706,1,0.77,0.09,Lower+2021 [ljd+21]
281,B1338-62,J1341-6220,33,57880,14,60,3,X,X,Lower+2021 [ljd+21]
282,J1357-6429,J1357-6429,1,52021,8,2428,1,6.3,0.1,"Espinoza+2011 [elsk11], also in Camilo+2004 [cml+04]"
283,J1357-6429,J1357-6429,2,54803,17,1752,7,2.8,2.8,Weltevrede+2010 [wjm+10]
284,J1357-6429,J1357-6429,3,55576,10,4860,3,14.7,0.8,Lower+2021 [ljd+21]
285,J1357-6429,J1357-6429,4,57795,22,2250,11,7,2,Lower+2021 [ljd+21]
286,J1357-6429,J1357-6429,5,58148,15,1930,5,X,X,Lower+2021 [ljd+21]
287,J1406-6121,J1406-6121,1,56193,10,143.5,1.6,2,4,Lower+2021 [ljd+21]
288,J1410-6132,J1410-6132,1,54652,19,272.6,0.5,-3.31,0.05,Weltevrede+2010 [wjm+10]
289,J1412-6145,J1412-6145,1,51868,10,7253,3,18,2,Yu+2012 [ymh+12]
290,J1413-6205,J1413-6205,1,54735,X,1730,X,X,X,Belfore+2011 [3rd Fermi symp.]
291,J1413-6141,J1413-6141,1,51290,3,39,4,X,X,Yu+2012 [ymh+12]
292,J1413-6141,J1413-6141,2,51463,9,970,2,X,X,Yu+2012 [ymh+12]
293,J1413-6141,J1413-6141,3,51796.3,0.4,59.7,0.4,-0.3,0,Yu+2012 [ymh+12]
294,J1413-6141,J1413-6141,4,52092,53,811,2,0.3,0.6,Yu+2012 [ymh+12]
295,J1413-6141,J1413-6141,5,52899.4,0.3,46.9,0.8,X,X,Yu+2012 [ymh+12]
296,J1413-6141,J1413-6141,6,53125,24,1410,5,X,X,Yu+2012 [ymh+12]
297,J1413-6141,J1413-6141,7,54286,18,2409.8,1.1,0.4,0.4,Yu+2012 [ymh+12]
298,J1413-6141,J1413-6141,8,55744,7,235,2,X,X,Lower+2021 [ljd+21]
299,J1413-6141,J1413-6141,9,56147,12,200,3,X,X,Lower+2021 [ljd+21]
300,J1413-6141,J1413-6141,10,56567,5,371,2,X,X,Lower+2021 [ljd+21]
301,J1413-6141,J1413-6141,11,56975,8,30,2,X,X,Lower+2021 [ljd+21]
302,J1413-6141,J1413-6141,12,57236,4,266,2,X,X,Lower+2021 [ljd+21]
303,J1413-6141,J1413-6141,13,57509,10,356,2,X,X,Lower+2021 [ljd+21]
304,J1413-6141,J1413-6141,14,57838,6,2137,2,X,X,Lower+2021 [ljd+21]
305,J1420-6048,J1420-6048,1,51600,77,1146.2,30,3.8,0.1,Yu+2012 [ymh+12]
306,J1420-6048,J1420-6048,2,52754,16,2019,13,6.6,0.9,Yu+2012 [ymh+12]
307,J1420-6048,J1420-6048,3,53725,9,1270,4,3.9,0.3,Yu+2012 [ymh+12]
308,J1420-6048,J1420-6048,4,54652,20,937.1,0.3,2.95,0.01,"Weltevrede+2011 [wje11], also in Yu+2012 [ymh+12]"
309,J1420-6048,J1420-6048,5,55410,19,1346,0.2,X,X,Yu+2012 [ymh+12]
310,J1420-6048,J1420-6048,6,56267,6,1954.2,0.3,5.7,0.2,Lower+2021 [ljd+21]
311,J1420-6048,J1420-6048,7,57210,8,1210,2,9,7,Lower+2021 [ljd+21]
312,B1449-64,J1453-6413,1,54552,4,0.3,0.02,0.6,0.1,Yu+2012 [ymh+12]
313,J1452-6036,J1452-6036,1,55055.22,0.04,29,0.2,0.19,0,Yu+2012 [ymh+12]
314,J1452-6036,J1452-6036,2,57115,6,0.13,0.03,X,X,Lower+2021 [ljd+21]
315,J1524-5625,J1524-5625,1,55745,7,2977,0.7,15.5,0.9,Lower+2021 [ljd+21]
316,B1508+55,J1509+5531,1,41732,58,0.2,0.1,-6,1,Manchester+1974 [mt74]
317,B1530+27,J1532+2745,1,49732,3,0.29,0.04,-1,2,Espinoza+2011 [elsk11]
318,J1531-5610,J1531-5610,1,51731,51,2637,11,25,10,Yu+2012 [ymh+12]
319,B1535-56,J1539-5626,1,48165,15,2793,1,1,1,Johnston+1995 [jml+95]
320,B1610-50,J1614-5048,1,49803,16,6460,80,9.7,0.2,Wang+2000 [wmp+00]
321,B1610-50,J1614-5048,2,53013,24,6242,37,9.14,0.04,Yu+2012 [ymh+12]
322,B1610-50,J1614-5048,3,55734,2,4098,3,3,1,Lower+2021 [ljd+21]
323,B1610-50,J1614-5048,4,56443,11,5949,9,X,X,Lower+2021 [ljd+21]
324,J1617-5055,J1617-5055,1,46960,760,600,5,X,X,Torii+2000 [tgv+00]
325,J1617-5055,J1617-5055,2,54747,7,334,3,9,11,Lower+2021 [ljd+21]
326,J1617-5055,J1617-5055,3,55164,9,11,2,0.8,0.6,Lower+2021 [ljd+21]
327,J1617-5055,J1617-5055,4,55316,6,68,2,2.2,0.6,Lower+2021 [ljd+21]
328,J1617-5055,J1617-5055,5,55873,11,55,2,1.1,0.6,Lower+2021 [ljd+21]
329,J1617-5055,J1617-5055,6,56267,6,2068,2,13.2,0.7,Lower+2021 [ljd+21]
330,J1635-2614,J1635-2614,1,56472,3,0.71,0.03,0.1,0.2,Basu+2021 [bsa+21]; also in Burgay+2019 (as J1636-2614) [bsb+19]
331,B1641-45,J1644-4559,1,43390,63,191,1,2,1,Manchester et al. (1978) [mngh7]
332,B1641-45,J1644-4559,2,46453,35,803.6,0.1,0.5,0.3,Flanagan (1993) [fla93]
333,B1641-45,J1644-4559,3,47589,4,1.61,0.04,1.1,0.1,Flanagan (1993) [fla93]
334,B1641-45,J1644-4559,4,56600,14,717.4,0.3,0.4,0.5,Lower+2021 [ljd+21]
335,B1643-43,J1646-4346,1,53876,73,885,5,1.5,0.4,Yu+2012 [ymh+12]
336,B1643-43,J1646-4346,2,55288,7,8591,6,16,9,Lower+2021 [ljd+21]
337,J1650-4502,J1650-4502,1,57778,8,12767,2,290,80,Lower+2021 [ljd+21]
338,J1702-4128,J1702-4128,1,57719,6,3090,1,10,2,Lower+2021 [ljd+21]
339,J1702-4310,J1702-4310,1,53943,169,4810,104,17,13,Yu+2012 [ymh+12]
340,J1702-4310,J1702-4310,2,57510,10,3129,4,5,2,Lower+2021 [ljd+21]
341,B1702-19,J1705-1906,1,48902,1,0.4,0.1,1,1,Espinoza+2011 [elsk11]
342,B1702-19,J1705-1906,2,55171,3,0.28,0.03,X,X,Basu+2021 [bsa+21]
343,B1702-19,J1705-1906,3,55955,1,0.3,0.03,X,X,Basu+2021 [bsa+21]
344,B1702-19,J1705-1906,4,57954,10,0.18,0.05,X,X,Basu+2021 [bsa+21]
345,J1705-3423,J1705-3423,1,51956,1,0.59,0.04,1,1,Espinoza+2011 [elsk11]
346,J1705-3423,J1705-3423,2,54408,2,0.57,0.04,3,1,"Espinoza+2011 [elsk11], also in Yuan+2010 [ywml10]"
347,J1705-3423,J1705-3423,3,55503,1,0.6,0.1,5,1,New - Our measurement
348,J1705-3950,J1705-3950,1,58236,14,9331,6,61,11,Lower+2021 [ljd+21]
349,B1706-44,J1709-4429,1,48775,15,2057,2,4,0.1,Johnston+1995 [jml+95]
350,B1706-44,J1709-4429,2,51488,37,1167,17,6.2,0.2,Yu+2012 [ymh+12]
351,B1706-44,J1709-4429,3,52716,57,2872,26,8,0.1,Yu+2012 [ymh+12]
352,B1706-44,J1709-4429,4,54710,22,2749.7,0.1,4.95,0.01,Weltevrede+2010 [wjm+10]
353,B1706-44,J1709-4429,5,58176,6,52.4,0.1,X,X,Lower+2018 [lfb+18]
354,1RXS_J1708-4009,J1708-4008,1,51445,X,561,33,5,3,Dib+2008 [dkg08]
355,1RXS_J1708-4009,J1708-4008,2,52016,X,4202,44,620,1,Dib+2008 [dkg08]
356,1RXS_J1708-4009,J1708-4008,3,52990,X,308,44,0,0,Dib+2008 [dkg08]
357,1RXS_J1708-4009,J1708-4008,4,53366,X,572,66,12,8,Dib+2008 [dkg08]
358,1RXS_J1708-4009,J1708-4008,5,53549,X,2707,99,12,12,Dib+2008 [dkg08]
359,1RXS_J1708-4009,J1708-4008,6,53636,X,737,33,-36,3,Dib+2008 [dkg08]
360,B1717-16,J1720-1633,1,51169,1,1.5,0.2,8,3,Espinoza+2011 [elsk11]
361,J1718-3825,J1718-3825,1,54911,2,1.94,0.03,-0.12,0.04,Yu+2012 [ymh+12]
362,J1718-3825,J1718-3825,2,57950,7,7.1,0.1,X,X,Lower+2021 [ljd+21]
363,B1718-35,J1721-3532,1,49971,2,7.5,0.3,0.3,0.4,Espinoza+2011 [elsk11]
364,J1718-3718,J1718-3718,1,54610,244,33250,10,6,1,Manchestre+2011 [mh11]
365,B1727-33,J1730-3350,1,48000,10,3033,8,4,6,Johnston+1995 [jml+95]
366,B1727-33,J1730-3350,2,52107,19,3202,1,5.9,0.1,"Espinoza+2011 [elsk11], also in Yu+2012 [ymh+12]"
367,B1727-33,J1730-3350,3,55908,30,2254,1,5.3,0.5,Basu+2021 [bsa+21]; also in Lower+2021 [ljd+21]
368,B1727-33,J1730-3350,4,58398,1,5.9,0.5,X,X,New - Our measurement
369,B1727-47,J1731-4744,1,49387.2,0.1,137,1,1.5,0.4,"Espinoza+2011 [elsk11], also in D’Alessandro+1997 [dm97],Yu+2012 [ymh+12]"
370,B1727-47,J1731-4744,2,50718.1,0.1,4.4,0.2,4,1,"Espinoza+2011 [elsk11], also in Wang+2000 [wmp+00],Yu+2012 [ymh+12]"
371,B1727-47,J1731-4744,3,52472.7,0.02,126.4,0.3,3.4,0.2,"Espinoza+2011 [elsk11], also in Yu+2012 [ymh+12]"
372,B1727-47,J1731-4744,4,53582,6,2.7,0.1,0.2,0.2,Yu+2012 [ymh+12]
373,B1727-47,J1731-4744,5,56975,8,6.4,0.3,X,X,Lower+2021 [ljd+21]
374,B1727-47,J1731-4744,6,57984,20,3147.7,0.1,X,X,Jankowski+17 (ATEL #10770); also in Basu+2019 [bkj+19]
375,J1730-3353,J1730-3353,1,54004,1,68.9,0.7,X,X,New - Our measurement
376,J1734-3333,J1734-3333,1,56340,4,90,10,1,1,Basu+2021 [bsa+21]
377,J1734-3333,J1734-3333,2,58944,8,24,1,X,X,New - agl
378,B1736-29,J1739-2903,1,46965,1,3.3,0.2,1.7,1,"Espinoza+2011 [elsk11], also in Shemar+1996 [sl96]"
379,B1737-30,J1740-3015,1,46991,19,421,4,3.4,0.2,"Espinoza+2011 [elsk11], also in McKenna+1990 [ml90] Zou+2008 [zwm+08]"
380,B1737-30,J1740-3015,2,47289,7,31,5,11,12,"Espinoza+2011 [elsk11], also in McKenna+1990 [ml90], Zou+2008 [zwm+08]"
381,B1737-30,J1740-3015,3,47337,27,7,4,3,12,"Espinoza+2011 [elsk11], also in McKenna+1990 [ml90], Zou+2008 [zwm+08]"
382,B1737-30,J1740-3015,4,47466,8,26,2,0,3,"Espinoza+2011 [elsk11], also in McKenna+1990 [ml90], Zou+2008 [zwm+08]"
383,B1737-30,J1740-3015,5,47670.22,0.01,600,1,3,1,"Espinoza+2011 [elsk11], also in McKenna+1990 [ml90], Zou+2008 [zwm+08]"
384,B1737-30,J1740-3015,6,48158,1,10,1,12,2,Espinoza+2011 [elsk11]
385,B1737-30,J1740-3015,7,48191.69,0,659,7,57,13,"Espinoza+2011 [elsk11], also in Shemar+1996 [sl96], Zou+2008 [zwm+08]"
386,B1737-30,J1740-3015,8,48218,2,48,10,8,12,"Shemar+1996 [sl96], also in Zou+2008 [zwm+08]"
387,B1737-30,J1740-3015,9,48431.3,0.4,16,2,3,2,"Espinoza+2011 [elsk11], also in Shemar+1996 [sl96], Zou+2008 [zwm+08]"
388,B1737-30,J1740-3015,10,49047.5,0.5,17,1,2,1,"Espinoza+2011 [elsk11], also in Shemar+1996 [sl96], Zou+2008 [zwm+08]"
389,B1737-30,J1740-3015,11,49239.07,0.02,169.7,0.2,1.3,0.2,"Espinoza+2011 [elsk11], also in Shemar+1996 [sl96], Zou+2008 [zwm+08]"
390,B1737-30,J1740-3015,12,49459,2,10,1,2,1,"Espinoza+2011 [elsk11], also in Krawczyk+2003 [klgj03], Zou+2008 [zwm+08]"
391,B1737-30,J1740-3015,13,49542.3,0.1,6,1,1,1,"Espinoza+2011 [elsk11], also in Krawczyk+2003 [klgj03], Zou+2008 [zwm+08]"
392,B1737-30,J1740-3015,14,50574.83,0.01,442.5,0.3,2.4,0.1,"Espinoza+2011 [elsk11], also in Krawczyk+2003 [klgj03], Zou+2008 [zwm+08]"
393,B1737-30,J1740-3015,15,50939,6,1444,1,1.8,0.1,"Espinoza+2011 [elsk11], also in Krawczyk+2003 [klgj03], Urama (2002) [ura02], Zou+2008 [zwm+08], Yu+2012 [ymh+12]"
394,B1737-30,J1740-3015,16,51685,21,0.7,0.4,0.1,0.1,Janssen+2006 [js06]
395,B1737-30,J1740-3015,17,51827,2,0.9,0.3,0.1,0.2,"Espinoza+2011 [elsk11], also in Janssen+2006 [js06]"
396,B1737-30,J1740-3015,18,52048,9,2,3,1,2,"Espinoza+2011 [elsk11], also in Janssen+2006 [js06]"
397,B1737-30,J1740-3015,19,52245,2,4,1,-1,2,"Espinoza+2011 [elsk11], also in Janssen+2006 [js06], Zou+2008 [zwm+08]"
398,B1737-30,J1740-3015,20,52266,0.2,16,1,-3,1,"Espinoza+2011 [elsk11], also in Janssen+2006 [js06], Zou+2008 [zwm+08]"
399,B1737-30,J1740-3015,21,52346.6,0.1,158,0.4,1,1,"Espinoza+2011 [elsk11], also in Janssen+2006 [js06], Zou+2008 [zwm+08], Yu+2012 [ymh+12]"
400,B1737-30,J1740-3015,22,52576,3,0.9,0.2,-0.1,0.1,"Espinoza+2011 [elsk11], also in Janssen+2006 [js06]"
401,B1737-30,J1740-3015,23,52779.7,0.04,1.7,0.2,-0.1,0.2,"Espinoza+2011 [elsk11], also in Janssen+2006 [js06]"
402,B1737-30,J1740-3015,24,52858.78,0.03,18.6,0.3,1.4,0.4,"Espinoza+2011 [elsk11], also in Janssen+2006 [js06], Zou+2008 [zwm+08]"
403,B1737-30,J1740-3015,25,52942.5,0.1,20.2,0.2,1.5,0.3,"Espinoza+2011 [elsk11], also in Janssen+2006 [js06], Zou+2008 [zwm+08]"
404,B1737-30,J1740-3015,26,53023.52,0,1850.9,0.3,2.4,0.4,"Espinoza+2011 [elsk11], also in Zou+2008 [zwm+08], Yu+2012 [ymh+12]"
405,B1737-30,J1740-3015,27,53473.56,1,0.8,0.2,0.2,0.2,Espinoza+2011 [elsk11]
406,B1737-30,J1740-3015,28,54450.19,0.01,45.9,0.3,4,1,"Espinoza+2011 [elsk11], also in Yuan+2010 [ywml10], Weltevrede+2010 [wjm+10], Yu+2012 [ymh+12]"
407,B1737-30,J1740-3015,29,54695.19,0.02,3,0.2,1,0,"Espinoza+2011 [elsk11], also in Yuan+2010 [ywml10]"
408,B1737-30,J1740-3015,30,54810.9,0.1,5.2,0.3,1,0,Espinoza+2011 [elsk11]
409,B1737-30,J1740-3015,31,54928.6,0.1,2.3,0.2,1,0,Espinoza+2011 [elsk11]
410,B1737-30,J1740-3015,32,55213,75,2663,3,1.2,0.3,Basu+2021 [bsa+21]; also Yu+2012 [ymh+12]
411,B1737-30,J1740-3015,33,55936.4,0.2,18.3,0.6,0.4,0.2,Basu+2021 [bsa+21]
412,B1737-30,J1740-3015,34,57346,0.6,1.94,0.02,0,0,Jankowski+2016; also Basu+2019 [bkj+19]
413,B1737-30,J1740-3015,35,57468.599,0.005,229.4,0.4,1.2,0.4,"Basu+2021 [bsa+21]; also Jankowski+2016, Basu+2019 [bkj+19]"
414,B1737-30,J1740-3015,36,58241,8,837.9,0.7,2,0.3,Basu+2021 [bsa+21]; also Basu+2019 [bkj+19]
415,B1737-30,J1740-3015,37,59934.8,0.1,328.3,0.5,1.37,0.18,New - Our measurement
416,J1737-3102,J1737-3102,1,57087,2,18,1,X,X,Basu+2021 [bsa+21]
417,J1737-3137,J1737-3137,1,51559,2,4,1,0,1,Espinoza+2011 [elsk11]
418,J1737-3137,J1737-3137,2,53040,12,234,1,2.9,0.2,Espinoza+2011 [elsk11]
419,J1737-3137,J1737-3137,3,54348,4,1342.4,0.2,1.4,0.2,"Espinoza+2011 [elsk11], also in Weltevrede+2010 [wjm+10], Yu+2012 [ymh+12]"
420,J1737-3137,J1737-3137,4,57115,3,7,0.7,0,X,Basu+2021 [bsa+21]; also in Lower+2021 [ljd+21]
421,J1737-3137,J1737-3137,5,58147,42,4498,1,1.3,0.1,Basu+2021 [bsa+21]; also in Lower+2021 [ljd+21]
422,J1737-3137,J1737-3137,6,58858.8,0.2,1.53,0.07,0.5,0.18,New - Our measurement; also in Lower+2021 [ljd+21]
423,J1737-3137,J1737-3137,7,59848,29,215.6,0.6,1.22,0.25,New - Our measurement
424,B1740-31,J1743-3150,1,49572,1,2.2,0.4,2,1,Espinoza+2011 [elsk11]
425,J1740+1000,J1740+1000,1,54747.6,0.1,1.2,0.4,1,1,Espinoza+2011 [elsk11]
426,J1740+1000,J1740+1000,2,56164,10,2910.9,0.4,11,1,Basu+2021 [bsa+21]
427,J1746-2856,J1746-2856,1,57038,1,24.4,0.4,2.1,0.32,Basu+2021 [bsa+21]
428,J1751-3323,J1751-3323,1,53004,6,2.3,0.3,-1,1,Yuan+2010 [ywml10]
429,J1751-3323,J1751-3323,2,54435,8,3,1,-1,3,Yuan+2010 [ywml10]
430,J1751-3323,J1751-3323,3,57019,1,13,1,-5,2,Basu+2021 [bsa+21]
431,J1751-3323,J1751-3323,4,58438,3,3.4,0.8,27,4,Basu+2019 [bkj+19]
432,B1754-24,J1757-2421,1,55716,21,7807,1,6.3,0.5,Basu+2021 [bsa+21]
433,B1757-24,J1801-2451,1,49476,3,1987.9,0.3,4.6,0.1,"Espinoza+2011 [elsk11], also inWang+2000 [wmp+00], Yu+2012 [ymh+12]"
434,B1757-24,J1801-2451,2,50651,3,1247.4,0.3,4.7,0.2,"Espinoza+2011 [elsk11], also inWang+2000 [wmp+00], Yu+2012 [ymh+12]"
435,B1757-24,J1801-2451,3,52055,7,3755.8,0.4,6.8,0.1,"Espinoza+2011 [elsk11], also in Yu+2012 [ymh+12]"
436,B1757-24,J1801-2451,4,53033.25,0.02,17.4,0.2,1.4,0.1,"Espinoza+2011 [elsk11], also in Yu+2012 [ymh+12]"
437,B1757-24,J1801-2451,5,54661,2,3101,1,9.3,0.1,"Espinoza+2011 [elsk11], also in Weltevrede+2010 [wjm+10], Yu+2012 [ymh+12]"
438,B1757-24,J1801-2451,6,56979,36,2413,0.4,5.3,0.8,Basu+2021 [bsa+21]; also in Lower+2021 [ljd+21]
439,B1757-24,J1801-2451,7,58564.76,0.007,2250.9,2.8,3.82,0.15,New - Our measurement
440,B1758-03,J1801-0357,1,48000,1,3.1,0.1,2,2,"Espinoza+2011 [elsk11], also in Krawczyk+2003 [klgj03]"
441,B1758-23,J1801-2304,1,46907,21,216.3,0.2,-0.5,0.1,"Espinoza+2011 [elsk11], also in Kaspi+1993 [klm+9]"
442,B1758-23,J1801-2304,2,47855,24,230.7,0.3,-0.3,0.2,"Espinoza+2011 [elsk11], also in Kaspi+1993 [klm+9]"
443,B1758-23,J1801-2304,3,48453.95,0.04,348,1,0,2,"Espinoza+2011 [elsk11], also in Wang+2000 [wmp+00], Yu+2012 [ymh+12]"
444,B1758-23,J1801-2304,4,49701.7,0.3,66,2,2,2,"Espinoza+2011 [elsk11], also in Wang+2000 [wmp+00], Yu+2012 [ymh+12]"
445,B1758-23,J1801-2304,5,50055.3,0.5,22,1,-2,1,"Espinoza+2011 [elsk11], also in Krawczyk+2003 [klgj03], Yu+2012 [ymh+12]"
446,B1758-23,J1801-2304,6,50363.06,0.02,81,1,2,2,"Espinoza+2011 [elsk11], also in Krawczyk+2003 [klgj03], Yu+2012 [ymh+12]"
447,B1758-23,J1801-2304,7,50939,6,6,3,4,5,"Espinoza+2011 [elsk11], also in Yu+2012 [ymh+12]"
448,B1758-23,J1801-2304,8,52093,26,646.7,0.2,0.9,0.2,"Espinoza+2011 [elsk11], also in Yu+2012 [ymh+12]"
449,B1758-23,J1801-2304,9,53306.98,0.01,497,1,-1,1,"Espinoza+2011 [elsk11], also in Yuan+2010 [ywml10]"
450,B1758-23,J1801-2304,10,55360,3,2.9,0.7,X,X,Basu+2021 [bsa+21]; also Yu+2012 [ymh+12]
451,B1758-23,J1801-2304,11,55841,3,1.7,0.5,X,X,Basu+2021 [bsa+21]; also in Lower+2021 [ljd+21]
452,B1758-23,J1801-2304,12,56149.024,0.08,513.8,0.4,1.2,0.7,Basu+2021 [bsa+21]; also in Lower+2021 [ljd+21]
453,B1758-23,J1801-2304,13,57586.2,0.1,48.67,0.05,0.79,0.03,Basu+2021 [bsa+21]; also in Lower+2021 [ljd+21]
454,B1758-23,J1801-2304,14,58846,6,5,0.6,X,X,New - Our measurement
455,B1758-23,J1801-2304,15,58993.5,0.7,374,5,X,X,New - Our measurement
456,B1800-21,J1803-2137,1,48245,11,4074.4,0.3,9.3,0.1,"Espinoza+2011 [elsk11], also in Shemar+1996 [sl96]"
457,B1800-21,J1803-2137,2,50264.1,0.1,7.1,0.2,0.5,0.1,"Espinoza+2011 [elsk11], also in Krawczyk+2003 [klgj03]"
458,B1800-21,J1803-2137,3,50777,4,3184,1,8,0.2,"Espinoza+2011 [elsk11], also inWang+2000 [wmp+00], Yu+2012 [ymh+12]"
459,B1800-21,J1803-2137,4,53429,1,3929.3,0.4,10.6,0.1,"Espinoza+2011 [elsk11], also in Yuan+2010 [ywml10], Yu+2012 [ymh+12]"
460,B1800-21,J1803-2137,5,55775,2,4793,3,18.6,0.3,New - Our measurement; also in Lower+2021 [ljd+21]
461,B1800-21,J1803-2137,6,58958,40,4960.6,1.3,8.5,0.3,New - Our measurement
462,J1806-2125,J1806-2125,1,51708,123,15773.1,12.3,37,3,"Espinoza+2011 [elsk11], also in Hobbs+2002 [hlj+02]"
463,J1809-0119,J1809-0119,1,55406,2,1.7,0.3,0,6,"Our measurement, also in Bates+2012 [bbb+12]"
464,J1809-0119,J1809-0119,2,55803,1,3,0.4,0,13,"Our measurement, also in Bates+2012 [bbb+12]"
465,B1809-173,J1812-1718,1,49932,1,1.5,0.2,6,3,Espinoza+2011 [elsk11]
466,B1809-173,J1812-1718,2,53106.2,0.1,14.8,0.2,7,4,"Espinoza+2011 [elsk11] also, in Yuan+2010 [ywml10]"
467,B1809-173,J1812-1718,3,54365.8,0.3,1.4,0.1,1,1,"Espinoza+2011 [elsk11] also, in Yuan+2010 [ywml10]"
468,J1809-1917,J1809-1917,1,53251,2,1625.1,0.3,7.8,0.3,Espinoza+2011 [elsk11]
469,J1809-2004,J1809-2004,1,54196,25,2,1,7,7,Espinoza+2011 [elsk11]
470,J1809-2004,J1809-2004,2,56227.5,0.2,48.67,0.05,0.79,0.03,Basu+2021 [bsa+21]
471,J1813-1246,J1813-1246,1,55094,X,1166,0.4,6.4,0.3,Ray+2011 [rkp+11]
472,J1814-1744,J1814-1744,1,51371,4,8,4,-3,1,Espinoza+2011 [elsk11]
473,J1814-1744,J1814-1744,2,51678,1,10,2,5,3,"Espinoza+2011 [elsk11], also in Janssen+2006 [js06]"
474,J1814-1744,J1814-1744,3,52075,7,34,2,-5,3,"Espinoza+2011 [elsk11], also in Janssen+2006 [js06]"
475,J1814-1744,J1814-1744,4,53241,12,3,1,0.7,0.4,"Espinoza+2011 [elsk11], also in Janssen+2006 [js06]"
476,J1814-1744,J1814-1744,5,53756.4,0.2,11,2,8,4,Espinoza+2011 [elsk11]
477,J1814-1744,J1814-1744,6,54768.4,0.4,17,1,2,1,New - Our measurement
478,J1814-1744,J1814-1744,7,55626,2,16,4,0.3,0.2,Basu+2021 [bsa+21]
479,B1815-14,J1818-1422,1,52057,7,0.54,0.05,-0.7,0.4,Yuan+2010 [ywml10]
480,J1819-1458,J1819-1458,1,53925.79,0.04,725,3,78,6,"Espinoza+2011 [elsk11], also in Lyne+2009 [lmk+09]"
481,J1819-1458,J1819-1458,2,54176.5,0.2,72,1,36,2,"Espinoza+2011 [elsk11], also in Lyne+2009 [lmk+09]"
482,B1821-11,J1824-1118,1,54306,3,2877,0.2,-10,2,Espinoza+2011 [elsk11]
483,J1821-1419,J1821-1419,1,53074,546,225,4,X,X,New - Our measurement
484,J1821-1419,J1821-1419,2,57372,6,109,7,X,X,New - Our measurement
485,J1821-1419,J1821-1419,3,58860,50,222.4,3,0.92,0.28,New - Our measurement
486,J1821-1419,J1821-1419,4,59586,10,34,4,1,1,New - Our measurement
487,B1821-24,J1824-2452A,1,51980,31,0.008,0.001,0,0.04,"Espinoza+2011 [elsk11], also in Cognard+2004 [cb04]"
488,B1822-09,J1825-0935,1,49942.1,0.4,2.8,0.2,-2,1,"Espinoza+2011 [elsk11], also in Shabanova (1998) [sha98]"
489,B1822-09,J1825-0935,2,50314,2,1.3,0.2,0,1,Espinoza+2011 [elsk11]
490,B1822-09,J1825-0935,3,52056,1,29.8,0.1,3.4,0.2,"Espinoza+2011 [elsk11], mentioned in Zou+2004 [zww+04]"
491,B1822-09,J1825-0935,4,52810,1,1.3,0.4,-2,3,"Espinoza+2011 [elsk11], mentioned in Zou+2004 [zww+04]"
492,B1822-09,J1825-0935,5,53734.6,0.1,4,1,-6,5,"Espinoza+2011 [elsk11], also in Shabanova (2007) [sha07], Yuan+2010 [ywml10]"
493,B1822-09,J1825-0935,6,54114.96,0.03,121,1,-4,3,"Espinoza+2011 [elsk11], also in Yuan+2010 [ywml10], Yu+2012 [ymh+12]"
494,B1822-09,J1825-0935,7,58486.2,0.9,3.8,0.1,X,X,New - Our measurement
495,B1823-13,J1826-1334,1,46507,29,2746,1,1.7,0.1,"Espinoza+2011 [elsk11], also in Shemar+1996 [sl96]"
496,B1823-13,J1826-1334,2,49120,11,2984.6,0.3,7.6,0.1,"Espinoza+2011 [elsk11], also in Shemar+1996 [sl96]"
497,B1823-13,J1826-1334,3,53206,1,0.6,0.3,-1,1,Espinoza+2011 [elsk11]
498,B1823-13,J1826-1334,4,53259,1,3,1,-1,1,"Espinoza+2011 [elsk11], also in Yuan+2010 [ywml10], Yu+2012 [ymh+12]"
499,B1823-13,J1826-1334,5,53737,1,3581,1,9.6,0.4,"Espinoza+2011 [elsk11], also in Yuan+2010 [ywml10], Yu+2012 [ymh+12]"
500,B1823-13,J1826-1334,6,56556,4,2599.7,0.3,10.1,0.4,Basu+2021 [bsa+21]
501,B1823-13,J1826-1334,7,58879,18,2481.5,1.1,5.9,0.4,New - Our measurement
502,B1824-10,J1827-0958,1,48764,18,0.4,0.1,X,X,Basu+2021 [bsa+21]
503,B1828-11,J1830-1059,1,55040.9,0.2,6.3,0.5,X,X,Basu+2021 [bsa+21]
504,B1830-08,J1833-0827,1,47541.3,0.1,0.9,0.1,-0.1,0.1,Espinoza+2011 [elsk11]
505,B1830-08,J1833-0827,2,48051,4,1865.6,0.1,1.742,0.001,"Espinoza+2011 [elsk11], also in Shemar+1996 [sl96]"
506,B1830-08,J1833-0827,3,54779,2,0.5,0.1,0.15,0.08,Basu+2021 [bsa+21]
507,J1830-1135,J1830-1135,1,52367,6,2.1,0.3,1,1,Espinoza+2011 [elsk11]
508,J1833-1034,J1833-1034,1,54169,7,3.1,0.1,1.4,0.2,Roy+2012 [rgl12]
509,J1833-1034,J1833-1034,2,54423,9,1.1,0.1,4,0.3,Roy+2012 [rgl12]
510,J1833-1034,J1833-1034,3,54750,15,3.6,0.1,-7.7,0.2,Roy+2012 [rgl12]
511,J1833-1034,J1833-1034,4,55142,2,7.5,0.1,-9.9,0.2,Roy+2012 [rgl12]
512,J1832+0029,J1832+0029,1,53498,50,66,1,53,5,New - our measurement
513,B1834-10,J1836-1008,1,55744,0.3,3.6,0.1,X,X,Basu+2021 [bsa+21]
514,J1834-0731,J1834-0731,1,53479,1,4.4,0.4,0.6,0.4,Espinoza+2011 [elsk11]
515,J1835-1020,J1835-1020,1,57589.5,0.3,3.26,0.02,0.2,0.1,Basu+2021 [bsa+21]
516,J1835-1106,J1835-1106,1,52225.8,0.2,15.6,0.4,2.5,0.4,"Espinoza+2011 [elsk11], also in Zou+2004 [zww+04], Yu+2012 [ymh+12]"
517,J1835-1106,J1835-1106,2,58488,2,9.3,0.6,4,1,New - Our measurement
518,J1837-0604,J1837-0604,1,55821,23,1398,1,6.9,0.7,Basu+2021 [bsa+21]; also in Lower+2021 [ljd+21]
519,J1837-0604,J1837-0604,2,56511,0.4,16.7,0.8,X,X,Basu+2021 [bsa+21]; also in Lower+2021 [ljd+21]
520,J1837-0604,J1837-0604,3,58233.7,0.8,70,1,X,X,Basu+2019 [bkj+19]
521,J1837-0559,J1837-0559,1,53150,1,3.2,0.3,13,7,Espinoza+2011 [elsk11]
522,J1837-0559,J1837-0559,2,56258,52,0.2,0.2,X,X,Basu+2021 [bsa+21]
523,J1837-0559,J1837-0559,3,58022,4,3.4,0.3,X,X,Basu+2021 [bsa+21]
524,J1838-0655,J1838-0655,1,55010,4,1550,70,X,X,Kuiper+2010 [kh10]
525,J1838-0453,J1838-0453,1,52162,213,9902,381,7,1,Espinoza+2011 [elsk11]
526,J1838-0453,J1838-0453,2,54140,4,9,1,-0.1,0.4,Espinoza+2011 [elsk11]
527,J1838-0453,J1838-0453,3,58692,9,71,6,-6,4,New - Our measurement
528,B1838-04,J1841-0425,1,53388,10,578.6,0.03,7.7,0.3,"Espinoza+2011 [elsk11] also, in Yuan+2010 [ywml10]"
529,J1839-0223,J1839-0223,1,56994,2,3.17,0.04,3.5,0.2,Basu+2021 [bsa+21]
530,J1841-0345,J1841-0345,1,56863,34,3879,2,2.7,0.1,New - Our Measurement
531,B1841-05,J1844-0538,1,47452,1,1,0.1,0.9,0.3,Espinoza+2011 [elsk11]
532,J1841-0524,J1841-0524,1,53562,1,29,1,1,1,Espinoza+2011 [elsk11]
533,J1841-0524,J1841-0524,2,54012.9,0.1,25,2,2,1,"Espinoza+2011 [elsk11], also in Yu+2012 [ymh+12]"
534,J1841-0524,J1841-0524,3,54503,21,1032,1,0.7,0.3,"Espinoza+2011 [elsk11], also in Weltevrede+2010 [wjm+10], Yu+2012 [ymh+12]"
535,J1841-0524,J1841-0524,4,55525,35,804.9,0.4,0.8,0.1,Basu+2021 [bsa+21]; also in Lower+2021 [ljd+21]
536,J1841-0524,J1841-0524,5,56564.6,0.7,21.6,0.4,X,X,Basu+2021 [bsa+21]; also in Lower+2021 [ljd+21]
537,J1841-0524,J1841-0524,6,57101.53,0.03,1011.6,0.5,1.01,0.09,New - Our measurement
538,J1841-0524,J1841-0524,7,58738.6,0.6,130.4,0.7,0.6,0.2,New - Our measurement
539,J1841-0524,J1841-0524,8,59111.6,0.6,128,1,0.1,0.2,New - Our measurement
540,1E_1841-045,J1841-0456,1,52464,X,15170,82,96,1,Based on Table 8 in Dib+2008 [dkg08]
541,1E_1841-045,J1841-0456,2,52997.05,X,2450,47,-1,1,Based on Table 8 in Dib+2008 [dkg08]
542,1E_1841-045,J1841-0456,3,53823.97,X,1390,82,-7,3,Based on Table 8 in Dib+2008 [dkg08]
543,B1841-04,J1844-0433,1,49358,9,0.22,0.01,-0.03,0.02,Basu+2021 [bsa+21]
544,J1841-0157,J1841-0157,1,56923.6,0.4,33.3,0.4,X,X,Basu+2021 [bsa+21]
545,J1842+0257,J1842+0257,1,57112,55,12060.9,0.2,1,0.3,Basu+2021 [bsa+21]
546,J1844-0310,J1844-0310,1,54410,4,1.8,0.2,-0.5,0.2,New - Our measurement
547,J1844+0034,J1844+0034,1,51435,3,0.3,0.1,1,2,Espinoza+2011 [elsk11]
548,J1844+0034,J1844+0034,2,51722.5,0.4,5.2,0.1,4,3,Espinoza+2011 [elsk11]
549,J1844+0034,J1844+0034,3,56784,43,249.55,0.03,4.1,0.7,Basu+2021 [bsa+21]
550,J1845-0316,J1845-0316,1,52128,1,30,1,-2,2,Espinoza+2011 [elsk11]
551,J1845-0316,J1845-0316,2,54170,34,72,1,3,2,Espinoza+2011 [elsk11]
552,J1845-0316,J1845-0316,3,58617,164,818.84,0.22,0.67,0.16,New - Our measurement
553,J1845-0743,J1845-0743,1,57939,23,0.04,0.01,-0.11,0.09,Basu+2021 [bsa+21]
554,J1846-0258,J1846-0258,1,52210,10,2.5,0.2,0.93,0.01,Livingstone+2006 [lkgk06]
555,J1846-0258,J1846-0258,2,53883,2,6200,300,4.46,0.02,"Livingstone+2009 [lkg09], also in Kuiper+2009 [kh09]"
556,B1844-04,J1847-0402,1,55502,2,0.52,0.04,0.04,0.03,Basu+2021 [bsa+21]; also in Lower+2021 [ljd+21]
557,B1844-04,J1847-0402,2,56041,19,0.102,0.021,0,0,New - Our measurement (Shaw/Lyne)
558,B1844-04,J1847-0402,3,58244,21,0.16,0.04,0.01,0.02,Lower+2021 [ljd+21]
559,J1847-0130,J1847-0130,1,53426,2,15,2,-3,2,Espinoza+2011 [elsk11]
560,J1847-0130,J1847-0130,2,54784.45,0.01,80,2,6,3,Espinoza+2011 [elsk11]
561,J1847-0130,J1847-0130,3,58857.79,0.26,567,5,1.2,2,New - Our measurement
562,J1849-0317,J1849-0317,1,58306,4,33,2,X,X,Basu+2021 [bsa+21]
563,J1850-0026,J1850-0026,1,56239.2,0.5,14.3,0.3,0.9,0.2,Basu+2021 [bsa+21]
564,J1850-0026,J1850-0026,2,56425,11,91.9,0.3,0.8,0.2,Basu+2021 [bsa+21]
565,J1850-0026,J1850-0026,3,57495.3,0.6,7,0.2,0.7,0.2,Basu+2021 [bsa+21]
566,J1850-0026,J1850-0026,4,57708,9,1196.7,0.2,0.8,0.2,Basu+2021 [bsa+21]
567,J1851-0029,J1851-0029,1,54493,1,0.9,0.2,-3,2,Espinoza+2011 [elsk11]
568,J1853+0056,J1853+0056,1,54970,1,5.4,0.1,0.4,0.1,Basu+2021 [bsa+21]
569,B1853+01,J1856+0113,1,54123,1,11569,1,22,0.2,Espinoza+2011 [elsk11]
570,B1853+01,J1856+0113,2,57325,34,3489,4,2.8,0.9,Basu+2021 [bsa+21]
571,J1853+0545,J1853+0545,1,53450,2,1.49,0.05,1.6,0.5,Yuan+2010 [ywml10]
572,J1856+0245,J1856+0245,1,56388,16,2672.5,0.7,8.4,0.3,Basu+2021 [bsa+21]
573,B1859+01,J1901+0156,1,51318,70,42.4,0.1,0.8,0.1,Espinoza+2011 [elsk11]
574,B1859+01,J1901+0156,2,58149,40,1053.02,0.06,2.1,0.4,Basu+2021 [bsa+21]
575,B1859+07,J1901+0716,1,46860.95,0.02,28,1,119.9,58.3,"Espinoza+2011 [elsk11], also in Shemar+1996 [sl96]"
576,B1900+06,J1902+0615,1,48653.7,0.1,0.4,0.1,0.1,0.3,Espinoza+2011 [elsk11]
577,B1900+06,J1902+0615,2,49447,1,0.3,0.1,-0.1,0.4,Espinoza+2011 [elsk11]
578,B1900+06,J1902+0615,3,50316,2,0.3,0.1,0.5,0.3,Espinoza+2011 [elsk11]
579,B1900+06,J1902+0615,4,51136,4,0.4,0.1,-0.4,0.4,Espinoza+2011 [elsk11]
580,B1900+06,J1902+0615,5,54239,1,0.26,0.03,-0.7,0.4,"Espinoza+2011 [elsk11] also, in Yuan+2010 [ywml10]"
581,B1900+06,J1902+0615,6,55436,6,0.19,0.03,X,X,Basu+2021 [bsa+21]
582,B1907-03,J1910-0309,1,48252,5,0.5,0.1,0,2,"Espinoza+2011 [elsk11], also in Krawczyk+2003 [klgj03]"
583,B1907-03,J1910-0309,2,49228.2,0.1,2.5,0.1,2,1,"Espinoza+2011 [elsk11], also in Krawczyk+2003 [klgj03]"
584,B1907-03,J1910-0309,3,53231.14,0.01,2.7,0.1,3,2,Espinoza+2011 [elsk11]
585,B1907+00,J1909+0007,1,49530,1,0.4,0.1,3,2,Espinoza+2011 [elsk11]
586,B1907+00,J1909+0007,2,51224,9,0.2,0.1,2,1,Espinoza+2011 [elsk11]
587,B1907+00,J1909+0007,3,53546,2,0.5,0.1,3,2,Espinoza+2011 [elsk11]
588,B1907+03,J1910+0358,1,52321,10,1.3,0.3,9,11,Espinoza+2011 [elsk11]
589,J1907+0602,J1907+0602,1,55422,X,4660,X,X,X,Belfore+2011 [3rd Fermi symp.]
590,J1907+0602,J1907+0602,2,55866,X,1.49,0.32,-0.26,-0.01,Xing+2014 [xw14]
591,J1907+0631,J1907+0631,1,56987,8,2106,2,5,0.5,Basu+2021 [bsa+21]
592,J1907+0631,J1907+0631,2,57901,54,4986,5,4.7,0.7,Basu+2021 [bsa+21]
593,J1909+0749,J1909+0749,1,57491,9,2904.2,0.9,3.7,0.2,Basu+2021 [bsa+21]
594,B1907+10,J1909+1102,1,52700,16,0.3,0.1,1,1,Yuan+2010 [ywml10]
595,J1909+0912,J1909+0912,1,54977,4,4.4,0.3,0.09,0.08,Basu+2021 [bsa+21]
596,J1909+0912,J1909+0912,2,57552,60,7389.8,0.3,4.58,0.09,Basu+2021 [bsa+21]
597,J1913+0446,J1913+0446,1,53500,1,6.5,0.2,1.4,0.2,Espinoza+2011 [elsk11]
598,J1913+0446,J1913+0446,2,55367,1,2.5,0.2,X,X,Basu+2021 [bsa+21]
599,J1913+0446,J1913+0446,3,56553,4,0.8,0.2,0.2,0.1,Basu+2021 [bsa+21]
600,J1913+0832,J1913+0832,1,54653.908,0.001,38,1,6,3,Espinoza+2011 [elsk11]
601,J1913+0904,J1913+0904,1,56132.8,0.2,3.2,0.2,X,X,Basu+2021 [bsa+21]
602,J1913+1000,J1913+1000,1,56600,10,491,1,X,X,Basu+2021 [bsa+21]
603,B1913+10,J1915+1009,1,54154,1,2.7,0.1,0.4,0.3,"Espinoza+2011 [elsk11] also, in Yuan+2010 [ywml10]"
604,J1913+1011,J1913+1011,1,54431,2,0.2,0.2,0.1,0.4,Espinoza+2011 [elsk11]
605,B1913+16,J1915+1606,1,52770,20,0.037,0.001,X,X,Weisberg+2010 [wnt10]
606,B1917+00,J1919+0021,1,50176.6,0.2,1.9,0.2,10,4,"Espinoza+2011 [elsk11], also in Krawczyk+2003 [klgj03]"
607,J1921+0812,J1921+0812,1,55367,33,3632.9,0.1,3,0.7,Basu+2021 [bsa+21]
608,B1923+04,J1926+0431,1,51495,1,0.08,0.02,-0.2,0.1,Espinoza+2011 [elsk11]
609,B1930+22,J1932+2220,1,45989,400,629,9,X,X,Espinoza+2011 [elsk11]
610,B1930+22,J1932+2220,2,46906,85,4427,7,X,X,Espinoza+2011 [elsk11]
611,B1930+22,J1932+2220,3,50253,4,4472,1,12.2,0.3,"Espinoza+2011 [elsk11], also in Krawczyk+2003 [klgj03]"
612,J1931+1817,J1931+1817,1,58392,3,8.4,0.5,0.5,0.1,New - Our measurement
613,J1931+1817,J1931+1817,2,59018,1,29.23,0.26,X,X,New - Our measurement
614,B1935+25,J1937+2544,1,52032,9,0.03,0.01,0.1,0.1,Espinoza+2011 [elsk11]
615,B1946-25,J1949-2524,1,50056,2,0.09,0.01,0.05,0.02,New - Our measurement
616,J1948+2819,J1948+2819,1,59322,57,0.54,0.13,0.01,0.05,New - Our measurement
617,B1951+32,J1952+3252,1,51967,9,2.3,0.1,-0.2,0.1,Janssen+2006 [js06]
618,B1951+32,J1952+3252,2,52385,11,0.7,0.1,0,0.1,Janssen+2006 [js06]
619,B1951+32,J1952+3252,3,52912,5,1.3,0.1,0.3,0.1,Janssen+2006 [js06]
620,B1951+32,J1952+3252,4,53305,6,0.5,0.1,0.1,0.1,Janssen+2006 [js06]
621,B1951+32,J1952+3252,5,54103.44,0.03,5.2,0.2,0,0.4,Espinoza+2011 [elsk11]
622,B1951+32,J1952+3252,6,55328,3,1489.9,0.4,5.4,0.4,Basu+2021 [bsa+21]
623,B1953+50,J1955+5059,1,46964,2,0.04,0.01,-0.6,0.1,Espinoza+2011 [elsk11]
624,B1953+50,J1955+5059,2,49038,5,0.021,0.004,-0.1,0.1,Espinoza+2011 [elsk11]
625,J1957+2831,J1957+2831,1,52485,3,0.3,0.1,0.6,0.3,Espinoza+2011 [elsk11]
626,J1957+2831,J1957+2831,2,52912,3,0.13,0.03,0.3,0.2,Espinoza+2011 [elsk11]
627,J1957+2831,J1957+2831,3,54692.8,0.3,5.8,0.3,5,6,Espinoza+2011 [elsk11]
628,J1957+2831,J1957+2831,4,56897.3,0.8,2.25,0.06,1.3,0.5,Basu+2021 [bsa+21]
629,J2005-0020,J2005-0020,1,55976,0.2,12.5,0.6,X,X,Basu+2021 [bsa+21]
630,J2021+3651,J2021+3651,1,52630.1,0.1,2587,2,6.2,0.2,Hessels+2004 [hrr+04]
631,J2021+3651,J2021+3651,2,54177,25,745,6,5.5,0.1,Espinoza+2011 [elsk11]
632,J2021+3651,J2021+3651,3,55110,2,2228.8,0.9,8.5,0.7,Basu+2021 [bsa+21]
633,J2021+3651,J2021+3651,4,57200,8,3069,2,10.2,0.9,Basu+2021 [bsa+21]
634,J2021+3651,J2021+3651,5,58668,114,1186.5,0.8,4.63,0.06,New - Our measurement
635,B2020+28,J2022+2854,1,47409,2,0.13,0.02,0.5,0.1,New - Our measurement
636,B2021+51,J2022+5154,1,58311,114,0.33,0.04,-0.83,0.15,New - Our measurement
637,J2022+3842,J2022+3842,1,54680,140,1900,X,X,X,Arzoumanian+2011 [agr+11]
638,B2027+37,J2029+3744,1,56993.6,0.5,6.2,0.2,X,X,Basu+2021 [bsa+21]
639,J2032+4127,J2032+4127,1,55820,9,273.3,0.1,1.06,0.04,Basu+2021 [bsa+21]
640,B2113+14,J2116+1414,1,47989,6,0.26,0.04,8,3,Espinoza+2011 [elsk11]
641,B2113+14,J2116+1414,2,58627,176,0.4,0.023,1.9,0.5,New - Our measurement
642,B2217+47,J2219+4754,1,55857.4,0.4,1.16,0.02,0.4,0.3,Basu+2021 [bsa+21]
643,B2224+65,J2225+6535,1,43072,40,1707,1,3,5,Backus+1982 [btd82]
644,B2224+65,J2225+6535,2,51900,X,0.14,0.03,-2.9,0.2,Janssen+2006 [js06]
645,B2224+65,J2225+6535,3,52950,X,0.08,0.04,-1.4,0.2,Janssen+2006 [js06]
646,B2224+65,J2225+6535,4,53434,13,0.2,0.1,X,X,Janssen+2006 [js06]
647,B2224+65,J2225+6535,5,54266,14,0.4,0.1,-0.8,0.4,Yuan+2010 [ywml10]
648,J2229+6114,J2229+6114,1,53064,3,1139.3,0.3,12.5,0.1,Espinoza+2011 [elsk11]
649,J2229+6114,J2229+6114,2,54110,1,327,4,-3,6,Espinoza+2011 [elsk11]
650,J2229+6114,J2229+6114,3,54781.54,0.03,4.5,0.2,0.1,0.1,Espinoza+2011 [elsk11]; also in Gügercinoğlu+22 [ggyz22]
651,J2229+6114,J2229+6114,4,55134,2,198.4,0.6,6.3,0.4,Basu+2021 [bsa+21]; also in Gügercinoğlu+22 [ggyz22]
652,J2229+6114,J2229+6114,5,55601,4,1223.6,0.6,13,0.5,Basu+2021 [bsa+21]; also in Gügercinoğlu+22 [ggyz22]
653,J2229+6114,J2229+6114,6,56362,5,66,0,3.2,0.5,Basu+2021 [bsa+21]; also in Gügercinoğlu+22 [ggyz22]
654,J2229+6114,J2229+6114,7,56797,5,850,1,11.3,0.1,Gügercinoğlu+22 [ggyz22]
655,J2229+6114,J2229+6114,8,58424,6,1047.1,0.9,12.4,0.6,Basu+2021 [bsa+21]; also in Gügercinoğlu+22 [ggyz22]
656,J2229+6114,J2229+6114,9,59262,6,283.9,1.1,6.5,0.6,New - Our measurement ; also in Gügercinoğlu+22 [ggyz22]
657,B2255+58,J2257+5909,1,49488.2,0.2,0.75,0.04,1,0.3,"Espinoza et al. (2011) [elsk11], also in Krawczyk et al. (2003) [klgj03]"
658,1E_2259+586,J2301+5852,1,52443.9,0.2,4104,28,1111,71,Kaspi+2003 [kgw+03]
659,1E_2259+586,J2301+5852,2,53750,X,30.8,3.5,X,X,Icdem+2012 [ibi12]
660,1E_2259+586,J2301+5852,3,54040,X,11167,X,X,X,Icdem+2012 [ibi12]
661,1E_2259+586,J2301+5852,4,54184.9032,X,880,3,X,X,"Dib+2014 [dk14], also in Icdem+2012 [ibi12]"
662,B2323+63,J2325+6316,1,53957,31,0.21,0.02,-0.32,0.04,Basu+2021 [bsa+21]
663,B2334+61,J2337+6151,1,53642,13,20470,1,23.8,0.4,"Espinoza+2011 [elsk11], also in Yuan+2010 [ymw+10]"
664,J2346-0609,J2346-0609,1,57495,2,0.55,0.01,2.4,0.4,Basu+2021 [bsa+21]
665,M82-X2,M82-X2,1,56685.8,X,20000,X,X,X,Bachetti+2019 [bmb+19]